customer_id,total_transactions,total_quantity,total_spend,avg_order_value,first_purchase_date,last_purchase_date,active_days,unique_products,txn_month,monthly_spend
13047,10,1391,3237.54,18.822907,"2010-12-01 08:34:00","2011-11-08 12:06:00",8,106,2010-12-01,366.63
12583,15,5060,7281.38,29.479271,"2010-12-01 08:45:00","2011-12-07 08:07:00",15,115,2010-12-01,855.86
13748,5,439,948.25,33.866071,"2010-12-01 09:00:00","2011-09-05 09:45:00",4,24,2010-12-01,204.00
14688,21,3621,5630.87,17.219786,"2010-12-01 09:37:00","2011-12-02 12:26:00",20,148,2010-12-01,444.98
12431,15,2906,6487.45,27.606170,"2010-12-01 10:03:00","2011-11-04 11:55:00",14,163,2010-12-01,358.25
13705,3,363,711.86,25.423571,"2010-12-01 10:29:00","2011-12-02 12:32:00",3,25,2010-12-01,318.14
13747,1,8,79.60,79.600000,"2010-12-01 10:37:00","2010-12-01 10:37:00",1,1,2010-12-01,79.60
13408,62,16232,28117.04,58.822259,"2010-12-01 10:39:00","2011-12-08 09:05:00",41,234,2010-12-01,1024.68
13767,37,7322,17220.36,46.794457,"2010-12-01 10:47:00","2011-12-07 15:00:00",31,55,2010-12-01,507.88
13448,6,1660,3539.37,18.150615,"2010-12-01 10:52:00","2011-11-23 12:33:00",5,137,2010-12-01,443.96
12791,1,97,192.60,96.300000,"2010-12-01 11:27:00","2010-12-01 11:27:00",1,2,2010-12-01,192.60
14045,4,535,1659.75,276.625000,"2010-12-01 11:32:00","2011-08-22 15:27:00",3,4,2010-12-01,326.40
14307,6,2058,2995.72,16.642889,"2010-12-01 11:41:00","2011-09-12 09:38:00",5,150,2010-12-01,783.11
12838,2,359,683.13,5.553902,"2010-12-01 11:57:00","2011-11-06 12:20:00",2,115,2010-12-01,390.79
13255,2,177,399.51,30.731538,"2010-12-01 11:58:00","2011-11-30 13:14:00",2,13,2010-12-01,225.70
13758,7,1844,3190.55,27.269658,"2010-12-01 12:08:00","2011-11-28 11:11:00",7,104,2010-12-01,362.45
13694,50,63312,65039.62,114.506373,"2010-12-01 12:12:00","2011-12-06 09:32:00",35,366,2010-12-01,842.12
14849,25,5694,7930.54,20.439536,"2010-12-01 12:22:00","2011-11-18 10:58:00",13,159,2010-12-01,355.84
14729,1,197,313.49,4.415352,"2010-12-01 12:43:00","2010-12-01 12:43:00",1,69,2010-12-01,313.49
12748,209,25747,33719.73,7.338353,"2010-12-01 12:48:00","2011-12-09 12:20:00",113,1768,2010-12-01,4.95
12868,6,928,1607.06,15.019252,"2010-12-01 12:50:00","2011-06-07 10:42:00",6,72,2010-12-01,203.30
14078,6,310,1049.37,16.144154,"2010-12-01 12:54:00","2011-08-30 12:16:00",6,46,2010-12-01,136.24
14001,3,962,2043.08,52.386667,"2010-12-01 12:58:00","2011-10-25 10:31:00",3,34,2010-12-01,301.24
12662,11,2058,3849.78,16.738174,"2010-12-01 13:04:00","2011-12-09 11:59:00",10,129,2010-12-01,261.48
14237,1,38,161.00,17.888889,"2010-12-01 13:20:00","2010-12-01 13:20:00",1,9,2010-12-01,161.00
12433,7,11071,13375.87,31.847310,"2010-12-01 13:24:00","2011-12-09 10:02:00",6,219,2010-12-01,1919.14
14594,2,185,379.83,7.166604,"2010-12-01 13:54:00","2011-12-02 13:28:00",2,48,2010-12-01,255.00
14911,201,80265,143825.06,25.343623,"2010-12-01 14:05:00","2011-12-08 15:54:00",132,1787,2010-12-01,555.38
13093,8,3961,7832.47,49.260818,"2010-12-01 15:00:00","2011-03-09 12:14:00",7,97,2010-12-01,799.40
12921,37,9526,16587.09,23.037625,"2010-12-01 15:06:00","2011-11-30 16:22:00",23,233,2010-12-01,322.40
13468,37,2589,5704.97,18.890629,"2010-12-01 15:08:00","2011-12-08 10:39:00",36,184,2010-12-01,360.05
14496,2,159,538.81,28.358421,"2010-12-01 15:35:00","2011-02-01 09:01:00",2,16,2010-12-01,304.34
14696,7,1630,2078.95,15.991923,"2010-12-01 15:37:00","2011-12-05 13:43:00",7,117,2010-12-01,294.62
13777,33,12897,25977.16,131.863756,"2010-12-01 16:01:00","2011-12-09 12:25:00",24,36,2010-12-01,6585.16
12947,6,1165,1603.99,16.535979,"2010-12-01 16:21:00","2011-07-19 10:06:00",6,83,2010-12-01,304.04
14142,1,313,311.81,14.173182,"2010-12-01 16:33:00","2010-12-01 16:33:00",1,22,2010-12-01,311.81
13065,1,74,205.86,14.704286,"2010-12-01 16:52:00","2010-12-01 16:52:00",1,14,2010-12-01,205.86
14606,93,6224,12156.65,4.502463,"2010-12-01 16:57:00","2011-12-08 19:28:00",89,819,2010-12-01,198.32
13576,18,2646,6717.34,53.312222,"2010-12-01 17:24:00","2011-11-29 15:34:00",18,78,2010-12-01,349.15
13090,14,2263,8910.82,57.489161,"2010-12-02 07:48:00","2011-12-01 12:39:00",13,98,2010-12-02,160.60
14741,6,841,1400.34,23.734576,"2010-12-02 08:43:00","2011-11-28 08:48:00",6,35,2010-12-02,184.50
13715,5,563,1079.34,10.279429,"2010-12-02 08:52:00","2011-03-03 19:21:00",4,89,2010-12-02,272.65
12855,1,30,38.10,12.700000,"2010-12-02 09:37:00","2010-12-02 09:37:00",1,3,2010-12-02,38.10
14047,5,381,1308.61,40.894063,"2010-12-02 10:09:00","2011-12-01 11:43:00",5,22,2010-12-02,286.92
13941,5,2364,5112.96,113.621333,"2010-12-02 10:17:00","2011-11-18 09:43:00",5,24,2010-12-02,1095.12
14135,15,3850,4690.31,35.002313,"2010-12-02 10:27:00","2011-12-08 11:38:00",14,95,2010-12-02,485.25
13108,1,298,350.06,35.006000,"2010-12-02 10:35:00","2010-12-02 10:35:00",1,10,2010-12-02,350.06
13418,18,3918,6127.43,20.156020,"2010-12-02 10:45:00","2011-11-28 10:23:00",13,223,2010-12-02,623.24
14388,8,1941,3212.84,17.273333,"2010-12-02 11:02:00","2011-11-29 13:32:00",8,124,2010-12-02,312.80
14901,9,661,1421.29,14.805104,"2010-12-02 11:20:00","2011-11-28 17:09:00",9,73,2010-12-02,204.15
12748,209,25747,33719.73,7.338353,"2010-12-01 12:48:00","2011-12-09 12:20:00",113,1768,2010-12-02,4.25
14390,9,2136,4652.82,16.268601,"2010-12-02 11:57:00","2011-11-29 13:49:00",8,135,2010-12-02,223.70
13305,10,1232,2000.86,24.701975,"2010-12-02 12:10:00","2011-12-05 15:15:00",10,50,2010-12-02,136.20
14491,2,139,340.93,20.054706,"2010-12-02 12:10:00","2011-06-17 15:22:00",2,17,2010-12-02,127.20
14060,19,5386,6140.42,30.398119,"2010-12-02 12:11:00","2011-12-05 12:29:00",19,86,2010-12-02,339.84
12915,2,93,363.65,16.529545,"2010-12-02 12:33:00","2011-07-14 11:34:00",2,19,2010-12-02,199.65
14180,25,719,4748.52,19.785500,"2010-12-02 13:08:00","2011-11-29 10:56:00",24,112,2010-12-02,201.75
13117,8,945,984.91,12.959342,"2010-12-02 13:11:00","2011-11-18 12:02:00",8,66,2010-12-02,202.12
14466,7,1006,2272.40,31.561111,"2010-12-02 13:36:00","2011-11-10 14:07:00",7,35,2010-12-02,379.75
14449,4,757,907.10,3.515891,"2010-12-02 14:09:00","2011-11-21 12:06:00",4,201,2010-12-02,210.24
13491,10,903,1215.82,14.137442,"2010-12-02 14:30:00","2011-10-19 08:32:00",10,73,2010-12-02,98.90
13138,6,473,962.39,15.276032,"2010-12-02 15:03:00","2011-11-17 16:51:00",6,31,2010-12-02,193.23
13767,37,7322,17220.36,46.794457,"2010-12-01 10:47:00","2011-12-07 15:00:00",31,55,2010-12-02,322.80
14829,4,452,697.55,16.608333,"2010-12-02 16:12:00","2011-11-10 16:16:00",4,39,2010-12-02,236.97
14911,201,80265,143825.06,25.343623,"2010-12-01 14:05:00","2011-12-08 15:54:00",132,1787,2010-12-02,22.50
14031,19,5788,17286.86,69.147440,"2010-12-02 16:34:00","2011-12-02 17:13:00",17,119,2010-12-02,1714.25
14775,3,1174,1011.90,16.865000,"2010-12-02 16:38:00","2011-10-12 15:27:00",3,57,2010-12-02,406.56
12971,86,9289,11189.91,36.688230,"2010-12-02 16:42:00","2011-12-06 12:20:00",71,94,2010-12-02,45.12
13402,2,479,621.23,15.928974,"2010-12-02 17:12:00","2011-08-04 15:51:00",2,32,2010-12-02,308.28
13011,1,13,50.55,16.850000,"2010-12-02 17:22:00","2010-12-02 17:22:00",1,3,2010-12-02,50.55
13798,57,23948,37153.85,106.458023,"2010-12-02 17:24:00","2011-12-08 15:51:00",53,113,2010-12-02,408.00
14576,1,12,35.40,35.400000,"2010-12-02 17:51:00","2010-12-02 17:51:00",1,1,2010-12-02,35.40
13145,4,145,618.52,103.086667,"2010-12-02 18:06:00","2011-10-31 12:45:00",4,5,2010-12-02,295.00
14395,9,1693,3507.71,10.022029,"2010-12-02 18:15:00","2011-12-07 14:34:00",9,181,2010-12-02,308.68
14865,2,108,52.20,13.050000,"2010-12-02 18:23:00","2011-12-02 16:25:00",2,4,2010-12-02,37.20
12738,1,148,155.35,14.122727,"2010-12-02 18:27:00","2010-12-02 18:27:00",1,11,2010-12-02,155.35
14236,2,310,490.86,32.724000,"2010-12-02 18:49:00","2011-09-20 09:13:00",2,15,2010-12-02,189.30
14573,9,544,1653.42,7.035830,"2010-12-02 19:59:00","2011-06-13 11:15:00",8,127,2010-12-02,413.10
13408,62,16232,28117.04,58.822259,"2010-12-01 10:39:00","2011-12-08 09:05:00",41,234,2010-12-03,534.00
12967,2,438,1660.90,87.415789,"2010-12-03 09:49:00","2010-12-16 19:10:00",2,19,2010-12-03,1368.40
12686,1,107,89.14,12.734286,"2010-12-03 09:51:00","2010-12-03 09:51:00",1,7,2010-12-03,89.14
13370,1,343,754.87,19.355641,"2010-12-03 10:26:00","2010-12-03 10:26:00",1,39,2010-12-03,754.87
13520,6,1649,3624.35,38.971505,"2010-12-03 10:36:00","2011-10-12 10:20:00",6,49,2010-12-03,303.40
12841,25,2757,4022.35,9.577024,"2010-12-03 10:43:00","2011-12-05 11:13:00",24,229,2010-12-03,294.25
12427,3,533,825.80,26.638710,"2010-12-03 10:44:00","2011-11-18 08:56:00",3,26,2010-12-03,303.50
14589,1,5,39.75,13.250000,"2010-12-03 11:42:00","2010-12-03 11:42:00",1,3,2010-12-03,39.75
14156,55,57885,117379.63,83.842593,"2010-12-03 11:48:00","2011-11-30 10:54:00",43,714,2010-12-03,322.20
14680,16,13476,28754.11,111.450039,"2010-12-03 12:05:00","2011-11-14 16:59:00",16,73,2010-12-03,1680.88
12557,5,4384,11990.96,363.362424,"2010-12-03 12:20:00","2011-11-23 16:59:00",5,15,2010-12-03,620.00
14083,9,732,1018.43,5.626685,"2010-12-03 12:24:00","2011-12-05 13:14:00",8,162,2010-12-03,309.54
13013,13,2224,4810.94,21.967763,"2010-12-03 12:28:00","2011-12-08 15:01:00",12,155,2010-12-03,1528.34
14210,6,760,1905.84,18.684706,"2010-12-03 12:43:00","2011-08-26 12:36:00",6,66,2010-12-03,304.95
12600,10,774,2599.04,40.610000,"2010-12-03 12:57:00","2011-11-11 10:29:00",10,32,2010-12-03,76.50
12779,8,2024,3981.36,26.720537,"2010-12-03 13:40:00","2011-11-02 11:43:00",8,88,2010-12-03,248.16
12682,31,5575,12288.22,23.406133,"2010-12-03 13:59:00","2011-12-06 10:00:00",27,209,2010-12-03,336.24
14911,201,80265,143825.06,25.343623,"2010-12-01 14:05:00","2011-12-08 15:54:00",132,1787,2010-12-03,1705.65
14723,6,695,1158.30,4.166547,"2010-12-03 14:18:00","2011-11-29 15:23:00",5,193,2010-12-03,250.94
12712,13,1062,4396.13,33.053609,"2010-12-03 14:30:00","2011-11-11 08:19:00",13,58,2010-12-03,175.53
12793,2,295,545.48,22.728333,"2010-12-03 15:14:00","2011-01-09 12:12:00",2,21,2010-12-03,131.80
14396,2,225,487.99,6.684795,"2010-12-03 15:19:00","2011-10-05 16:09:00",2,71,2010-12-03,110.35
14898,6,1020,1303.52,11.237241,"2010-12-03 15:25:00","2011-11-16 14:54:00",6,86,2010-12-03,98.50
12725,1,164,427.80,17.825000,"2010-12-03 15:45:00","2010-12-03 15:45:00",1,24,2010-12-03,427.80
12395,12,2118,3018.63,19.350192,"2010-12-03 16:35:00","2011-11-20 15:21:00",11,91,2010-12-03,346.10
13081,11,19068,28337.38,27.673223,"2010-12-03 17:20:00","2011-11-28 10:54:00",9,503,2010-12-03,2366.78
13089,97,31070,58825.83,32.357442,"2010-12-05 10:27:00","2011-12-07 09:02:00",66,636,2010-12-05,734.40
13838,4,263,691.73,3.975460,"2010-12-05 10:45:00","2011-12-04 11:00:00",3,144,2010-12-05,238.11
13069,24,5885,4436.12,10.437929,"2010-12-05 11:02:00","2011-12-09 08:39:00",20,281,2010-12-05,332.50
14800,12,3655,4339.74,11.272052,"2010-12-05 11:10:00","2011-10-23 12:46:00",12,246,2010-12-05,555.84
13269,15,3514,5346.23,16.918449,"2010-12-05 11:51:00","2011-12-08 14:53:00",13,177,2010-12-05,351.43
14813,2,67,155.43,5.181000,"2010-12-05 11:54:00","2010-12-05 11:57:00",1,25,2010-12-05,155.43
12567,10,4305,9401.28,21.079103,"2010-12-05 11:57:00","2011-11-17 11:02:00",9,323,2010-12-05,1526.92
14810,11,1016,2087.88,8.187765,"2010-12-05 12:08:00","2011-10-30 11:19:00",11,106,2010-12-05,180.44
13831,6,745,2202.99,29.770135,"2010-12-05 12:13:00","2011-11-23 15:41:00",6,58,2010-12-05,408.00
12841,25,2757,4022.35,9.577024,"2010-12-03 10:43:00","2011-12-05 11:13:00",24,229,2010-12-05,211.74
13506,2,324,458.52,17.635385,"2010-12-05 12:15:00","2011-01-27 13:53:00",2,26,2010-12-05,301.12
12748,209,25747,33719.73,7.338353,"2010-12-01 12:48:00","2011-12-09 12:20:00",113,1768,2010-12-05,966.40
14527,55,2089,8508.82,8.753930,"2010-12-05 13:17:00","2011-12-07 12:19:00",54,330,2010-12-05,292.95
14161,3,455,1110.52,10.282593,"2010-12-05 13:18:00","2011-05-08 11:41:00",3,87,2010-12-05,283.15
13767,37,7322,17220.36,46.794457,"2010-12-01 10:47:00","2011-12-07 15:00:00",31,55,2010-12-05,806.28
12647,12,1431,3722.82,30.767107,"2010-12-05 14:02:00","2011-11-17 12:56:00",11,78,2010-12-05,372.00
12472,7,4148,6572.11,19.386755,"2010-12-05 14:19:00","2011-11-07 14:01:00",7,219,2010-12-05,1631.30
14506,5,730,2012.17,6.367627,"2010-12-05 14:25:00","2011-11-22 13:02:00",5,204,2010-12-05,269.70
13034,2,369,642.77,17.372162,"2010-12-05 14:52:00","2011-10-16 12:21:00",2,37,2010-12-05,165.86
14606,93,6224,12156.65,4.502463,"2010-12-01 16:57:00","2011-12-08 19:28:00",89,819,2010-12-05,192.68
12720,25,4672,5781.73,16.332571,"2010-12-05 15:21:00","2011-12-07 08:03:00",21,211,2010-12-05,473.39
12747,11,1275,4196.01,40.737961,"2010-12-05 15:38:00","2011-12-07 14:34:00",11,42,2010-12-05,358.56
12763,2,316,494.08,27.448889,"2010-12-05 15:46:00","2011-07-24 14:12:00",2,16,2010-12-05,320.08
14081,2,596,934.52,6.107974,"2010-12-05 15:47:00","2011-02-10 16:17:00",2,126,2010-12-05,423.52
14404,6,839,1474.32,14.313786,"2010-12-05 16:00:00","2011-11-06 12:30:00",6,70,2010-12-05,133.48
13579,2,176,467.04,20.306087,"2010-12-05 16:10:00","2011-11-25 08:41:00",2,19,2010-12-05,164.70
13174,3,1395,2817.03,8.971433,"2010-12-05 16:24:00","2011-11-23 14:35:00",3,228,2010-12-05,1415.97
13652,3,578,1095.08,17.382222,"2010-12-06 09:21:00","2011-10-25 08:51:00",3,48,2010-12-06,308.80
14293,4,709,1046.56,17.156721,"2010-12-06 10:18:00","2011-12-06 15:17:00",4,51,2010-12-06,364.92
14748,5,1223,1415.75,15.907303,"2010-12-06 10:19:00","2011-11-10 18:33:00",4,87,2010-12-06,470.42
12808,3,188,483.65,17.273214,"2010-12-06 10:27:00","2011-11-03 10:05:00",3,27,2010-12-06,129.40
13094,12,1716,1927.32,80.305000,"2010-12-06 10:34:00","2011-11-18 14:07:00",12,4,2010-12-06,223.68
12708,10,1307,2712.91,17.279682,"2010-12-06 10:43:00","2011-11-10 09:52:00",10,86,2010-12-06,196.44
14443,4,938,1420.20,15.270968,"2010-12-06 11:03:00","2011-10-17 10:10:00",4,84,2010-12-06,303.50
13497,2,163,348.05,18.318421,"2010-12-06 11:37:00","2011-03-02 09:04:00",2,19,2010-12-06,153.50
14189,15,3937,4654.08,17.562566,"2010-12-06 11:42:00","2011-12-07 15:55:00",14,176,2010-12-06,311.24
14344,8,477,889.93,12.534225,"2010-12-06 11:58:00","2011-08-04 13:51:00",8,56,2010-12-06,322.80
14708,3,621,1126.37,40.227500,"2010-12-06 12:23:00","2011-12-07 08:21:00",3,25,2010-12-06,419.06
12748,209,25747,33719.73,7.338353,"2010-12-01 12:48:00","2011-12-09 12:20:00",113,1768,2010-12-06,215.19
14825,12,991,2226.91,18.404215,"2010-12-06 12:30:00","2011-12-06 11:38:00",12,82,2010-12-06,184.10
14085,18,3184,4448.54,9.885644,"2010-12-06 12:39:00","2011-12-07 13:46:00",16,272,2010-12-06,308.05
14911,201,80265,143825.06,25.343623,"2010-12-01 14:05:00","2011-12-08 15:54:00",132,1787,2010-12-06,1182.50
13155,4,497,971.76,11.432471,"2010-12-06 12:44:00","2011-11-06 15:41:00",4,67,2010-12-06,379.70
14667,25,5385,9241.20,16.127749,"2010-12-06 13:13:00","2011-11-29 11:30:00",23,354,2010-12-06,511.56
14487,6,735,1196.33,8.307847,"2010-12-06 13:22:00","2011-11-13 12:17:00",5,112,2010-12-06,125.10
13468,37,2589,5704.97,18.890629,"2010-12-01 15:08:00","2011-12-08 10:39:00",36,184,2010-12-06,222.18
13089,97,31070,58825.83,32.357442,"2010-12-05 10:27:00","2011-12-07 09:02:00",66,636,2010-12-06,2496.22
13030,2,394,799.48,8.075556,"2010-12-06 14:31:00","2011-11-28 14:30:00",2,76,2010-12-06,427.74
14409,6,1230,2059.45,38.137963,"2010-12-06 15:03:00","2011-09-29 18:18:00",5,40,2010-12-06,328.80
13495,5,829,2044.87,42.601458,"2010-12-06 15:14:00","2011-12-02 11:21:00",5,34,2010-12-06,510.95
14215,6,1358,1789.72,16.571481,"2010-12-06 15:34:00","2011-11-28 12:19:00",6,98,2010-12-06,166.00
12913,5,1419,2483.63,49.672600,"2010-12-06 16:36:00","2011-12-05 12:11:00",5,37,2010-12-06,417.62
13564,3,661,1749.02,21.072530,"2010-12-06 17:26:00","2011-07-18 14:33:00",3,68,2010-12-06,540.00
13963,4,460,664.54,18.986857,"2010-12-07 09:21:00","2011-02-04 14:43:00",4,35,2010-12-07,151.30
12681,22,7536,13787.54,21.610564,"2010-12-07 10:08:00","2011-11-25 11:33:00",20,267,2010-12-07,1033.52
14907,7,1691,3501.10,21.218788,"2010-12-07 10:14:00","2011-12-06 14:14:00",6,125,2010-12-07,618.07
12567,10,4305,9401.28,21.079103,"2010-12-05 11:57:00","2011-11-17 11:02:00",9,323,2010-12-07,415.46
14344,8,477,889.93,12.534225,"2010-12-06 11:58:00","2011-08-04 13:51:00",8,56,2010-12-07,17.85
12971,86,9289,11189.91,36.688230,"2010-12-02 16:42:00","2011-12-06 12:20:00",71,94,2010-12-07,111.54
14733,12,3764,9585.91,47.455000,"2010-12-07 11:30:00","2011-11-23 15:39:00",12,102,2010-12-07,1830.02
13756,14,3188,5189.52,36.545915,"2010-12-07 11:41:00","2011-12-07 16:44:00",12,66,2010-12-07,532.80
14176,4,209,576.90,18.609677,"2010-12-07 11:45:00","2011-02-15 13:12:00",3,28,2010-12-07,159.55
14282,15,2668,3729.34,23.906026,"2010-12-07 12:21:00","2011-12-06 17:04:00",15,70,2010-12-07,571.00
12647,12,1431,3722.82,30.767107,"2010-12-05 14:02:00","2011-11-17 12:56:00",11,78,2010-12-07,596.80
13569,2,164,373.75,4.397059,"2010-12-07 12:29:00","2011-11-22 13:07:00",2,73,2010-12-07,118.32
14135,15,3850,4690.31,35.002313,"2010-12-02 10:27:00","2011-12-08 11:38:00",14,95,2010-12-07,319.00
14673,5,1004,1736.40,23.464865,"2010-12-07 12:49:00","2011-12-06 14:31:00",5,39,2010-12-07,373.49
13488,13,4518,8968.31,21.251919,"2010-12-07 13:01:00","2011-11-22 14:41:00",12,271,2010-12-07,1381.92
13769,10,1163,2796.51,20.714889,"2010-12-07 13:28:00","2011-12-07 15:08:00",9,73,2010-12-07,322.30
13786,1,136,230.40,32.914286,"2010-12-07 13:53:00","2010-12-07 13:53:00",1,7,2010-12-07,230.40
13880,13,1842,3219.77,19.513758,"2010-12-07 14:00:00","2011-11-18 13:44:00",10,125,2010-12-07,97.80
13173,2,277,353.65,8.224419,"2010-12-07 14:30:00","2011-12-05 15:51:00",2,41,2010-12-07,165.94
12748,209,25747,33719.73,7.338353,"2010-12-01 12:48:00","2011-12-09 12:20:00",113,1768,2010-12-07,306.84
12347,7,2458,4310.00,23.681319,"2010-12-07 14:57:00","2011-12-07 15:52:00",7,103,2010-12-07,711.79
14739,7,3820,3902.28,65.038000,"2010-12-07 14:58:00","2011-12-05 16:54:00",7,47,2010-12-07,713.88
12839,14,3807,5591.42,17.807070,"2010-12-07 15:48:00","2011-12-07 12:33:00",14,95,2010-12-07,402.61
13807,1,36,112.60,16.085714,"2010-12-07 15:48:00","2010-12-07 15:48:00",1,7,2010-12-07,112.60
14821,1,20,48.80,24.400000,"2010-12-08 08:43:00","2010-12-08 08:43:00",1,2,2010-12-08,48.80
13078,26,5630,12627.94,35.273575,"2010-12-08 09:07:00","2011-12-06 15:36:00",25,95,2010-12-08,514.39
13267,19,1969,4521.49,21.428863,"2010-12-08 09:20:00","2011-12-07 11:12:00",14,88,2010-12-08,328.45
13050,17,3748,5836.86,14.483524,"2010-12-08 09:30:00","2011-11-25 09:18:00",17,246,2010-12-08,328.01
12709,15,3936,9736.52,46.810192,"2010-12-08 09:49:00","2011-11-24 15:38:00",15,93,2010-12-08,522.70
12386,2,354,401.90,40.190000,"2010-12-08 09:53:00","2011-01-06 12:37:00",2,10,2010-12-08,258.90
13599,21,3294,5153.67,20.865061,"2010-12-08 10:11:00","2011-12-08 16:10:00",15,171,2010-12-08,352.84
13329,2,463,789.00,46.411765,"2010-12-08 10:11:00","2011-11-08 10:29:00",2,16,2010-12-08,304.20
12921,37,9526,16587.09,23.037625,"2010-12-01 15:06:00","2011-11-30 16:22:00",23,233,2010-12-08,365.40
14744,7,627,1099.98,42.306923,"2010-12-08 10:21:00","2011-11-23 12:51:00",6,21,2010-12-08,225.00
13983,12,1183,2603.43,24.331121,"2010-12-08 10:38:00","2011-11-10 11:06:00",10,91,2010-12-08,329.36
13842,9,1768,3385.62,16.435049,"2010-12-08 10:39:00","2011-10-12 10:51:00",9,155,2010-12-08,310.57
14796,17,6025,8022.49,7.031104,"2010-12-08 10:40:00","2011-12-08 15:31:00",17,403,2010-12-08,671.21
12441,1,121,173.55,15.777273,"2010-12-08 10:45:00","2010-12-08 10:45:00",1,11,2010-12-08,173.55
14901,9,661,1421.29,14.805104,"2010-12-02 11:20:00","2011-11-28 17:09:00",9,73,2010-12-08,158.25
13199,38,6176,9817.12,82.496807,"2010-12-08 10:51:00","2011-12-06 12:30:00",33,48,2010-12-08,468.68
14032,11,2032,2975.59,20.808322,"2010-12-08 10:53:00","2011-12-07 15:23:00",11,53,2010-12-08,303.86
13126,8,2143,2099.64,14.997429,"2010-12-08 11:42:00","2011-12-05 10:00:00",7,124,2010-12-08,223.44
14606,93,6224,12156.65,4.502463,"2010-12-01 16:57:00","2011-12-08 19:28:00",89,819,2010-12-08,215.88
14060,19,5386,6140.42,30.398119,"2010-12-02 12:11:00","2011-12-05 12:29:00",19,86,2010-12-08,281.00
14051,23,3756,15610.39,74.335190,"2010-12-08 12:49:00","2011-12-09 10:20:00",22,52,2010-12-08,623.42
12748,209,25747,33719.73,7.338353,"2010-12-01 12:48:00","2011-12-09 12:20:00",113,1768,2010-12-08,367.52
13455,2,354,1058.34,23.007391,"2010-12-08 13:11:00","2011-11-15 11:21:00",2,42,2010-12-08,692.94
13113,24,3045,12245.96,61.229800,"2010-12-08 13:21:00","2011-12-09 12:49:00",23,95,2010-12-08,372.97
14217,17,689,2004.98,20.049800,"2010-12-08 13:28:00","2011-12-08 11:53:00",16,78,2010-12-08,118.30
12766,7,3646,6989.63,22.547194,"2010-12-08 13:53:00","2011-12-06 08:46:00",7,205,2010-12-08,1149.29
13523,5,1752,3964.88,23.051628,"2010-12-08 14:22:00","2011-11-06 15:11:00",4,157,2010-12-08,566.95
13649,2,139,346.60,15.069565,"2010-12-08 14:46:00","2011-03-28 11:51:00",2,23,2010-12-08,197.80
13270,1,200,590.00,590.000000,"2010-12-08 14:53:00","2010-12-08 14:53:00",1,1,2010-12-08,590.00
14866,12,6752,14389.90,145.352525,"2010-12-08 14:58:00","2011-11-29 11:45:00",11,30,2010-12-08,103.68
13077,4,863,729.27,6.511339,"2010-12-08 14:59:00","2011-12-08 19:24:00",3,99,2010-12-08,313.72
13531,2,174,483.80,21.990909,"2010-12-08 15:03:00","2011-05-18 16:56:00",2,17,2010-12-08,305.45
13848,3,3700,1255.00,251.000000,"2010-12-08 15:10:00","2011-09-08 12:58:00",3,3,2010-12-08,320.00
13140,3,186,423.72,9.211304,"2010-12-08 15:12:00","2011-08-23 15:33:00",3,40,2010-12-08,159.51
14766,6,1349,2473.37,18.321259,"2010-12-08 15:33:00","2011-12-01 16:05:00",6,111,2010-12-08,180.40
13777,33,12897,25977.16,131.863756,"2010-12-01 16:01:00","2011-12-09 12:25:00",24,36,2010-12-08,255.00
13758,7,1844,3190.55,27.269658,"2010-12-01 12:08:00","2011-11-28 11:11:00",7,104,2010-12-08,356.40
13984,5,679,920.51,57.531875,"2010-12-08 15:58:00","2011-11-13 12:38:00",5,14,2010-12-08,154.80
14030,8,1479,2360.09,9.712305,"2010-12-08 16:11:00","2011-11-21 16:48:00",7,210,2010-12-08,676.50
12971,86,9289,11189.91,36.688230,"2010-12-02 16:42:00","2011-12-06 12:20:00",71,94,2010-12-08,111.53
12433,7,11071,13375.87,31.847310,"2010-12-01 13:24:00","2011-12-09 10:02:00",6,219,2010-12-08,1867.98
14243,10,1221,2588.77,18.360071,"2010-12-09 08:34:00","2011-12-01 11:12:00",10,99,2010-12-09,213.30
12963,8,881,1856.63,19.543474,"2010-12-09 09:14:00","2011-12-01 12:55:00",7,75,2010-12-09,365.80
14437,1,60,63.00,12.600000,"2010-12-09 09:27:00","2010-12-09 09:27:00",1,5,2010-12-09,63.00
12942,3,203,683.90,9.118667,"2010-12-09 09:34:00","2011-07-31 14:39:00",3,68,2010-12-09,258.75
13319,26,4724,10845.55,22.784769,"2010-12-09 10:04:00","2011-12-04 13:34:00",17,209,2010-12-09,759.28
12481,10,3304,5596.32,25.789493,"2010-12-09 10:13:00","2011-11-17 08:29:00",8,150,2010-12-09,159.38
12621,20,7440,13689.67,29.314069,"2010-12-09 10:16:00","2011-12-08 11:25:00",17,261,2010-12-09,464.61
14299,9,2149,3965.62,27.731608,"2010-12-09 10:30:00","2011-12-01 16:05:00",9,94,2010-12-09,429.24
12683,15,4987,8476.57,24.641192,"2010-12-09 10:37:00","2011-12-05 16:31:00",11,177,2010-12-09,1063.08
12755,2,1491,3811.95,952.987500,"2010-12-09 10:44:00","2011-03-04 12:42:00",2,4,2010-12-09,3794.40
13854,25,2296,8109.52,73.722909,"2010-12-09 10:48:00","2011-12-01 09:06:00",25,39,2010-12-09,309.40
12797,1,118,254.03,19.540769,"2010-12-09 10:55:00","2010-12-09 10:55:00",1,13,2010-12-09,254.03
13369,1,149,308.28,22.020000,"2010-12-09 11:30:00","2010-12-09 11:30:00",1,14,2010-12-09,308.28
12494,7,707,1246.10,16.183117,"2010-12-09 11:31:00","2011-11-24 09:34:00",7,63,2010-12-09,57.60
12712,13,1062,4396.13,33.053609,"2010-12-03 14:30:00","2011-11-11 08:19:00",13,58,2010-12-09,295.10
12748,209,25747,33719.73,7.338353,"2010-12-01 12:48:00","2011-12-09 12:20:00",113,1768,2010-12-09,136.20
14932,1,80,363.53,21.384118,"2010-12-09 11:48:00","2010-12-09 11:48:00",1,17,2010-12-09,363.53
12429,4,1557,3750.40,38.663918,"2010-12-09 12:05:00","2011-11-30 17:22:00",4,82,2010-12-09,1281.50
13090,14,2263,8910.82,57.489161,"2010-12-02 07:48:00","2011-12-01 12:39:00",13,98,2010-12-09,847.80
14355,1,92,174.40,15.854545,"2010-12-09 12:16:00","2010-12-09 12:16:00",1,11,2010-12-09,174.40
14911,201,80265,143825.06,25.343623,"2010-12-01 14:05:00","2011-12-08 15:54:00",132,1787,2010-12-09,945.55
14896,2,279,468.77,10.901628,"2010-12-09 12:24:00","2011-05-19 10:20:00",2,43,2010-12-09,257.22
14527,55,2089,8508.82,8.753930,"2010-12-05 13:17:00","2011-12-07 12:19:00",54,330,2010-12-09,224.38
14440,5,588,2357.68,42.866909,"2010-12-09 12:49:00","2011-12-01 15:42:00",5,33,2010-12-09,656.70
13240,4,298,663.65,9.905224,"2010-12-09 12:49:00","2011-09-04 14:08:00",4,59,2010-12-09,224.07
14479,2,117,316.25,17.569444,"2010-12-09 12:59:00","2011-03-31 09:07:00",2,18,2010-12-09,174.40
13102,24,4204,6424.09,21.131875,"2010-12-09 13:38:00","2011-12-08 12:52:00",20,140,2010-12-09,316.82
13982,4,1136,1871.81,16.863153,"2010-12-09 13:57:00","2011-10-31 16:24:00",4,72,2010-12-09,428.60
14667,25,5385,9241.20,16.127749,"2010-12-06 13:13:00","2011-11-29 11:30:00",23,354,2010-12-09,686.15
12872,2,319,599.97,9.090455,"2010-12-09 14:44:00","2011-01-17 10:52:00",2,58,2010-12-09,378.53
12682,31,5575,12288.22,23.406133,"2010-12-03 13:59:00","2011-12-06 10:00:00",27,209,2010-12-09,739.05
13117,8,945,984.91,12.959342,"2010-12-02 13:11:00","2011-11-18 12:02:00",8,66,2010-12-09,186.03
12826,7,1058,1474.72,16.205714,"2010-12-09 15:21:00","2011-12-07 10:25:00",7,58,2010-12-09,155.00
13327,8,1600,3627.77,33.590463,"2010-12-09 15:32:00","2011-11-01 10:21:00",7,74,2010-12-09,745.00
14031,19,5788,17286.86,69.147440,"2010-12-02 16:34:00","2011-12-02 17:13:00",17,119,2010-12-09,185.82
14713,11,1615,2666.36,7.865369,"2010-12-09 18:58:00","2011-11-30 16:26:00",11,146,2010-12-09,298.95
14702,17,1454,3292.14,9.487435,"2010-12-09 19:23:00","2011-12-08 19:29:00",17,196,2010-12-09,318.70
13230,14,1665,2806.97,4.594059,"2010-12-09 19:28:00","2011-12-05 16:03:00",13,393,2010-12-09,93.45
13969,18,4542,9053.94,14.463163,"2010-12-09 19:32:00","2011-12-02 15:11:00",17,334,2010-12-09,317.59
12471,30,8212,19824.05,43.095761,"2010-12-10 09:35:00","2011-12-07 15:43:00",20,150,2010-12-10,2360.41
13418,18,3918,6127.43,20.156020,"2010-12-02 10:45:00","2011-11-28 10:23:00",13,223,2010-12-10,369.10
13000,3,379,534.85,17.253226,"2010-12-10 10:26:00","2011-08-25 10:43:00",3,30,2010-12-10,201.75
12731,12,8437,18895.91,68.963175,"2010-12-10 10:56:00","2011-11-16 11:59:00",11,109,2010-12-10,1071.90
14419,6,487,1058.06,5.136214,"2010-12-10 10:56:00","2011-11-29 11:22:00",6,112,2010-12-10,124.10
14082,1,110,182.25,6.284483,"2010-12-10 11:02:00","2010-12-10 11:02:00",1,28,2010-12-10,182.25
14667,25,5385,9241.20,16.127749,"2010-12-06 13:13:00","2011-11-29 11:30:00",23,354,2010-12-10,487.99
13767,37,7322,17220.36,46.794457,"2010-12-01 10:47:00","2011-12-07 15:00:00",31,55,2010-12-10,186.60
12748,209,25747,33719.73,7.338353,"2010-12-01 12:48:00","2011-12-09 12:20:00",113,1768,2010-12-10,1416.98
14037,2,46,147.20,5.257143,"2010-12-10 11:39:00","2011-06-16 13:57:00",2,27,2010-12-10,111.80
14256,2,414,969.06,18.284151,"2010-12-10 11:44:00","2011-03-24 13:17:00",2,51,2010-12-10,523.86
14543,16,679,3630.33,50.421250,"2010-12-10 11:51:00","2011-11-11 12:45:00",15,43,2010-12-10,254.40
14911,201,80265,143825.06,25.343623,"2010-12-01 14:05:00","2011-12-08 15:54:00",132,1787,2010-12-10,1156.05
14952,11,3355,8099.49,58.691957,"2010-12-10 12:48:00","2011-10-11 10:33:00",8,117,2010-12-10,686.16
13148,12,1975,3707.12,11.621066,"2010-12-10 13:06:00","2011-11-10 15:23:00",7,231,2010-12-10,309.40
12989,15,2943,6924.11,108.189219,"2010-12-10 13:24:00","2011-12-06 15:28:00",13,41,2010-12-10,202.50
14107,7,1793,2703.23,21.977480,"2010-12-10 13:29:00","2011-10-19 12:12:00",7,61,2010-12-10,363.24
12785,1,131,311.95,22.282143,"2010-12-10 13:48:00","2010-12-10 13:48:00",1,14,2010-12-10,311.95
13448,6,1660,3539.37,18.150615,"2010-12-01 10:52:00","2011-11-23 12:33:00",5,137,2010-12-10,385.58
13787,2,337,309.04,9.969032,"2010-12-10 14:45:00","2011-09-25 12:06:00",2,24,2010-12-10,106.40
13798,57,23948,37153.85,106.458023,"2010-12-02 17:24:00","2011-12-08 15:51:00",53,113,2010-12-10,3762.66
14062,12,5593,10464.85,94.277928,"2010-12-10 15:56:00","2011-11-30 10:04:00",11,60,2010-12-10,966.62
14448,2,104,375.35,18.767500,"2010-12-10 17:26:00","2011-11-30 13:50:00",2,20,2010-12-10,102.35
14800,12,3655,4339.74,11.272052,"2010-12-05 11:10:00","2011-10-23 12:46:00",12,246,2010-12-12,664.01
14159,11,4408,4693.01,3.897849,"2010-12-12 11:17:00","2011-11-20 12:36:00",11,501,2010-12-12,193.22
14577,4,353,859.71,6.989512,"2010-12-12 11:26:00","2011-11-27 12:47:00",4,86,2010-12-12,346.90
12753,6,11421,21429.39,108.778629,"2010-12-12 11:44:00","2011-11-17 10:52:00",6,132,2010-12-12,3590.59
12875,2,2019,343.23,171.615000,"2010-12-12 12:03:00","2011-07-19 15:30:00",2,1,2010-12-12,293.76
13668,21,3742,6363.59,13.539553,"2010-12-12 12:35:00","2011-12-07 12:11:00",21,284,2010-12-12,177.66
13715,5,563,1079.34,10.279429,"2010-12-02 08:52:00","2011-03-03 19:21:00",4,89,2010-12-12,223.98
14684,5,853,1236.28,2.936532,"2010-12-12 12:44:00","2011-11-14 11:33:00",5,231,2010-12-12,168.36
14413,1,68,122.70,5.334783,"2010-12-12 13:37:00","2010-12-12 13:37:00",1,22,2010-12-12,122.70
13959,3,357,598.20,6.502174,"2010-12-12 13:56:00","2011-09-21 15:06:00",3,79,2010-12-12,214.74
14608,4,437,1785.15,89.257500,"2010-12-12 14:49:00","2011-12-05 16:52:00",4,8,2010-12-12,204.00
14505,8,2759,5905.64,7.391289,"2010-12-12 16:14:00","2011-11-22 15:45:00",8,540,2010-12-12,1050.35
14180,25,719,4748.52,19.785500,"2010-12-02 13:08:00","2011-11-29 10:56:00",24,112,2010-12-13,339.40
13198,6,2648,3401.24,15.049735,"2010-12-13 09:29:00","2011-11-29 15:17:00",6,199,2010-12-13,384.55
12540,17,6685,13400.24,28.033975,"2010-12-13 09:39:00","2011-11-20 11:31:00",17,277,2010-12-13,881.01
13225,7,3416,6463.84,201.995000,"2010-12-13 09:49:00","2011-12-06 13:29:00",7,23,2010-12-13,1206.72
14290,5,915,2314.65,22.917327,"2010-12-13 10:24:00","2011-11-28 14:02:00",5,89,2010-12-13,777.56
13209,8,4253,5891.61,18.353925,"2010-12-13 10:31:00","2011-11-09 13:54:00",6,255,2010-12-13,318.85
14796,17,6025,8022.49,7.031104,"2010-12-08 10:40:00","2011-12-08 15:31:00",17,403,2010-12-13,357.61
12747,11,1275,4196.01,40.737961,"2010-12-05 15:38:00","2011-12-07 14:34:00",11,42,2010-12-13,347.71
13069,24,5885,4436.12,10.437929,"2010-12-05 11:02:00","2011-12-09 08:39:00",20,281,2010-12-13,311.62
13999,12,2243,3901.81,18.758702,"2010-12-13 11:23:00","2011-11-29 13:40:00",12,102,2010-12-13,302.10
14498,5,1098,1957.32,10.141554,"2010-12-13 11:29:00","2011-10-28 12:09:00",5,162,2010-12-13,166.22
14741,6,841,1400.34,23.734576,"2010-12-02 08:43:00","2011-11-28 08:48:00",6,35,2010-12-13,310.80
14544,2,1543,2024.45,17.758333,"2010-12-13 12:50:00","2011-11-15 15:06:00",2,97,2010-12-13,1121.92
14565,4,1540,3099.12,24.402520,"2010-12-13 13:25:00","2011-09-05 09:07:00",4,111,2010-12-13,1167.41
13408,62,16232,28117.04,58.822259,"2010-12-01 10:39:00","2011-12-08 09:05:00",41,234,2010-12-13,689.04
14085,18,3184,4448.54,9.885644,"2010-12-06 12:39:00","2011-12-07 13:46:00",16,272,2010-12-13,491.24
14639,6,1431,2984.49,17.351686,"2010-12-13 13:50:00","2011-10-18 15:06:00",4,138,2010-12-13,676.54
12476,11,2408,6816.42,29.255021,"2010-12-13 14:39:00","2011-11-24 12:40:00",10,177,2010-12-13,12.45
13269,15,3514,5346.23,16.918449,"2010-12-05 11:51:00","2011-12-08 14:53:00",13,177,2010-12-13,310.74
13089,97,31070,58825.83,32.357442,"2010-12-05 10:27:00","2011-12-07 09:02:00",66,636,2010-12-13,1339.54
14625,2,335,899.63,16.974151,"2010-12-13 15:36:00","2011-05-27 15:32:00",2,51,2010-12-13,585.53
14733,12,3764,9585.91,47.455000,"2010-12-07 11:30:00","2011-11-23 15:39:00",12,102,2010-12-13,1695.12
12748,209,25747,33719.73,7.338353,"2010-12-01 12:48:00","2011-12-09 12:20:00",113,1768,2010-12-13,2.85
13211,3,874,1197.42,21.382500,"2010-12-13 16:17:00","2011-11-29 14:43:00",3,45,2010-12-13,110.70
14525,9,2696,4332.20,14.887285,"2010-12-13 17:40:00","2011-11-20 11:37:00",9,217,2010-12-13,462.30
13324,10,5205,7121.95,94.959333,"2010-12-14 09:50:00","2011-11-03 16:28:00",6,25,2010-12-14,650.10
14829,4,452,697.55,16.608333,"2010-12-02 16:12:00","2011-11-10 16:16:00",4,39,2010-12-14,148.36
13050,17,3748,5836.86,14.483524,"2010-12-08 09:30:00","2011-11-25 09:18:00",17,246,2010-12-14,300.92
13948,1,40,102.00,34.000000,"2010-12-14 10:18:00","2010-12-14 10:18:00",1,3,2010-12-14,102.00
14667,25,5385,9241.20,16.127749,"2010-12-06 13:13:00","2011-11-29 11:30:00",23,354,2010-12-14,312.40
14524,9,676,1867.68,9.200394,"2010-12-14 11:01:00","2011-11-08 12:29:00",6,161,2010-12-14,275.45
14907,7,1691,3501.10,21.218788,"2010-12-07 10:14:00","2011-12-06 14:14:00",6,125,2010-12-14,342.62
14901,9,661,1421.29,14.805104,"2010-12-02 11:20:00","2011-11-28 17:09:00",9,73,2010-12-14,134.65
14961,9,3708,7044.68,22.579103,"2010-12-14 11:38:00","2011-11-29 09:42:00",8,193,2010-12-14,1182.70
13267,19,1969,4521.49,21.428863,"2010-12-08 09:20:00","2011-12-07 11:12:00",14,88,2010-12-14,293.85
14057,17,4876,6217.96,21.894225,"2010-12-14 12:11:00","2011-11-16 10:32:00",14,179,2010-12-14,925.92
14871,4,185,522.38,5.330408,"2010-12-14 12:18:00","2011-12-06 13:42:00",4,68,2010-12-14,140.40
13178,11,3570,5725.47,21.605547,"2010-12-14 12:22:00","2011-11-13 16:14:00",11,95,2010-12-14,710.00
12370,4,2353,3545.69,21.231677,"2010-12-14 12:58:00","2011-10-19 14:51:00",4,143,2010-12-14,1590.82
14298,44,58343,51527.30,31.476665,"2010-12-14 12:59:00","2011-12-01 13:12:00",25,884,2010-12-14,2973.06
12748,209,25747,33719.73,7.338353,"2010-12-01 12:48:00","2011-12-09 12:20:00",113,1768,2010-12-14,234.86
14606,93,6224,12156.65,4.502463,"2010-12-01 16:57:00","2011-12-08 19:28:00",89,819,2010-12-14,316.79
14680,16,13476,28754.11,111.450039,"2010-12-03 12:05:00","2011-11-14 16:59:00",16,73,2010-12-14,1194.52
14415,13,3011,5900.28,10.000475,"2010-12-14 13:31:00","2011-12-08 14:38:00",13,283,2010-12-14,875.18
13102,24,4204,6424.09,21.131875,"2010-12-09 13:38:00","2011-12-08 12:52:00",20,140,2010-12-14,357.10
13238,4,298,700.73,22.604194,"2010-12-14 14:37:00","2011-11-22 15:37:00",4,20,2010-12-14,91.15
12829,2,376,293.00,26.636364,"2010-12-14 14:54:00","2011-01-07 11:13:00",2,9,2010-12-14,85.75
14051,23,3756,15610.39,74.335190,"2010-12-08 12:49:00","2011-12-09 10:20:00",22,52,2010-12-14,476.70
13097,10,2363,6010.42,14.209031,"2010-12-14 15:13:00","2011-11-07 10:43:00",9,214,2010-12-14,304.90
13756,14,3188,5189.52,36.545915,"2010-12-07 11:41:00","2011-12-07 16:44:00",12,66,2010-12-14,307.80
13767,37,7322,17220.36,46.794457,"2010-12-01 10:47:00","2011-12-07 15:00:00",31,55,2010-12-14,267.00
13846,3,388,865.06,15.728364,"2010-12-14 16:07:00","2011-11-15 12:07:00",3,55,2010-12-14,411.40
12867,7,4298,4036.82,7.503383,"2010-12-14 16:39:00","2011-11-13 15:30:00",7,240,2010-12-14,362.79
14401,13,4507,4051.48,22.260879,"2010-12-15 09:07:00","2011-12-05 13:30:00",13,113,2010-12-15,247.38
13078,26,5630,12627.94,35.273575,"2010-12-08 09:07:00","2011-12-06 15:36:00",25,95,2010-12-15,366.77
14150,2,496,658.64,25.332308,"2010-12-15 10:04:00","2011-11-04 10:05:00",2,23,2010-12-15,306.18
13496,2,341,653.33,18.666571,"2010-12-15 10:17:00","2011-11-29 10:58:00",2,28,2010-12-15,501.01
13611,3,766,1171.80,15.835135,"2010-12-15 10:31:00","2011-09-11 14:51:00",3,67,2010-12-15,303.15
13491,10,903,1215.82,14.137442,"2010-12-02 14:30:00","2011-10-19 08:32:00",10,73,2010-12-15,97.50
14060,19,5386,6140.42,30.398119,"2010-12-02 12:11:00","2011-12-05 12:29:00",19,86,2010-12-15,253.20
13295,1,82,201.20,20.120000,"2010-12-15 11:21:00","2010-12-15 11:21:00",1,10,2010-12-15,201.20
13495,5,829,2044.87,42.601458,"2010-12-06 15:14:00","2011-12-02 11:21:00",5,34,2010-12-15,354.48
13458,14,5508,9646.57,25.252801,"2010-12-15 12:05:00","2011-12-02 15:29:00",14,242,2010-12-15,1185.86
13092,5,279,477.83,19.113200,"2010-12-15 12:27:00","2011-09-30 11:18:00",5,19,2010-12-15,185.45
14527,55,2089,8508.82,8.753930,"2010-12-05 13:17:00","2011-12-07 12:19:00",54,330,2010-12-15,269.31
13426,10,2245,3641.32,23.193121,"2010-12-15 12:43:00","2011-12-09 08:59:00",10,103,2010-12-15,336.98
13221,2,244,847.41,12.839545,"2010-12-15 13:24:00","2011-04-13 16:58:00",2,62,2010-12-15,498.16
14201,7,590,747.44,20.201081,"2010-12-15 13:25:00","2011-10-10 13:27:00",7,32,2010-12-15,67.24
13418,18,3918,6127.43,20.156020,"2010-12-02 10:45:00","2011-11-28 10:23:00",13,223,2010-12-15,587.28
13089,97,31070,58825.83,32.357442,"2010-12-05 10:27:00","2011-12-07 09:02:00",66,636,2010-12-15,755.30
14913,4,1743,1227.43,14.108391,"2010-12-15 14:35:00","2011-11-04 08:29:00",4,76,2010-12-15,300.87
13124,3,2147,3866.33,16.452468,"2010-12-15 15:00:00","2011-09-11 12:45:00",3,185,2010-12-15,1256.32
12928,5,1472,2062.70,24.555952,"2010-12-15 15:45:00","2011-11-04 14:24:00",5,59,2010-12-15,392.34
12577,3,472,657.80,4.474830,"2010-12-15 16:21:00","2011-11-04 13:24:00",2,137,2010-12-15,195.89
13089,97,31070,58825.83,32.357442,"2010-12-05 10:27:00","2011-12-07 09:02:00",66,636,2010-12-16,627.75
13408,62,16232,28117.04,58.822259,"2010-12-01 10:39:00","2011-12-08 09:05:00",41,234,2010-12-16,783.48
13317,6,1035,2273.68,18.336129,"2010-12-16 09:22:00","2011-10-04 13:35:00",4,100,2010-12-16,238.05
13890,10,831,1883.81,17.125545,"2010-12-16 09:31:00","2011-12-08 15:36:00",9,74,2010-12-16,190.35
12748,209,25747,33719.73,7.338353,"2010-12-01 12:48:00","2011-12-09 12:20:00",113,1768,2010-12-16,316.23
13093,8,3961,7832.47,49.260818,"2010-12-01 15:00:00","2011-03-09 12:14:00",7,97,2010-12-16,2996.11
13756,14,3188,5189.52,36.545915,"2010-12-07 11:41:00","2011-12-07 16:44:00",12,66,2010-12-16,163.80
13021,9,1352,2616.38,19.972366,"2010-12-16 10:12:00","2011-12-05 16:37:00",8,101,2010-12-16,157.35
14841,6,1778,3295.76,23.882319,"2010-12-16 10:28:00","2011-10-17 15:03:00",6,103,2010-12-16,395.16
14825,12,991,2226.91,18.404215,"2010-12-06 12:30:00","2011-12-06 11:38:00",12,82,2010-12-16,212.33
14414,7,2512,1496.98,15.432784,"2010-12-16 11:11:00","2011-09-09 12:09:00",7,79,2010-12-16,217.20
13468,37,2589,5704.97,18.890629,"2010-12-01 15:08:00","2011-12-08 10:39:00",36,184,2010-12-16,328.77
12494,7,707,1246.10,16.183117,"2010-12-09 11:31:00","2011-11-24 09:34:00",7,63,2010-12-16,4.95
14849,25,5694,7930.54,20.439536,"2010-12-01 12:22:00","2011-11-18 10:58:00",13,159,2010-12-16,211.05
12980,9,886,7374.90,368.745000,"2010-12-16 11:36:00","2011-07-05 09:34:00",9,6,2010-12-16,889.32
14878,9,802,1485.54,11.980161,"2010-12-16 12:11:00","2011-11-27 11:15:00",9,62,2010-12-16,322.01
12877,12,1178,1535.77,9.972532,"2010-12-16 12:23:00","2011-12-06 10:30:00",12,100,2010-12-16,150.06
14621,5,993,1788.36,19.438696,"2010-12-16 13:00:00","2011-12-08 16:22:00",5,80,2010-12-16,305.70
14309,9,1633,2352.53,20.107094,"2010-12-16 13:05:00","2011-12-01 13:33:00",9,74,2010-12-16,147.75
14606,93,6224,12156.65,4.502463,"2010-12-01 16:57:00","2011-12-08 19:28:00",89,819,2010-12-16,104.48
14709,13,2484,4921.04,25.107347,"2010-12-16 13:43:00","2011-11-24 15:41:00",12,71,2010-12-16,314.10
13199,38,6176,9817.12,82.496807,"2010-12-08 10:51:00","2011-12-06 12:30:00",33,48,2010-12-16,243.12
13050,17,3748,5836.86,14.483524,"2010-12-08 09:30:00","2011-11-25 09:18:00",17,246,2010-12-16,301.44
13534,25,2961,5870.08,19.831351,"2010-12-16 15:23:00","2011-12-07 14:52:00",18,119,2010-12-16,283.20
14373,1,17,76.55,19.137500,"2010-12-16 15:40:00","2010-12-16 15:40:00",1,4,2010-12-16,76.55
14092,14,2066,4076.91,19.050981,"2010-12-16 15:47:00","2011-12-02 12:13:00",12,117,2010-12-16,250.65
14735,32,2264,6065.69,31.266443,"2010-12-16 16:05:00","2011-12-06 12:09:00",20,99,2010-12-16,252.20
13767,37,7322,17220.36,46.794457,"2010-12-01 10:47:00","2011-12-07 15:00:00",31,55,2010-12-16,348.80
14180,25,719,4748.52,19.785500,"2010-12-02 13:08:00","2011-11-29 10:56:00",24,112,2010-12-16,355.10
14334,8,1731,2552.21,15.754383,"2010-12-16 17:37:00","2011-11-23 10:01:00",8,98,2010-12-16,320.15
13694,50,63312,65039.62,114.506373,"2010-12-01 12:12:00","2011-12-06 09:32:00",35,366,2010-12-16,2054.92
14344,8,477,889.93,12.534225,"2010-12-06 11:58:00","2011-08-04 13:51:00",8,56,2010-12-16,15.00
14643,2,815,693.81,22.380968,"2010-12-16 17:53:00","2011-06-22 14:41:00",2,30,2010-12-16,357.94
14220,2,272,632.40,30.114286,"2010-12-16 18:18:00","2011-04-06 13:23:00",2,21,2010-12-16,312.98
13874,1,180,540.45,30.025000,"2010-12-16 18:20:00","2010-12-16 18:20:00",1,18,2010-12-16,540.45
12348,4,2341,1797.24,57.975484,"2010-12-16 19:09:00","2011-09-25 13:13:00",4,22,2010-12-16,892.80
12967,2,438,1660.90,87.415789,"2010-12-03 09:49:00","2010-12-16 19:10:00",2,19,2010-12-16,292.50
14911,201,80265,143825.06,25.343623,"2010-12-01 14:05:00","2011-12-08 15:54:00",132,1787,2010-12-16,707.06
14723,6,695,1158.30,4.166547,"2010-12-03 14:18:00","2011-11-29 15:23:00",5,193,2010-12-16,220.06
14713,11,1615,2666.36,7.865369,"2010-12-09 18:58:00","2011-11-30 16:26:00",11,146,2010-12-16,126.90
13004,18,4822,5655.91,13.999777,"2010-12-17 08:20:00","2011-11-28 11:27:00",17,277,2010-12-17,357.01
14560,22,1260,2237.77,30.240135,"2010-12-17 09:22:00","2011-12-02 15:22:00",20,39,2010-12-17,408.17
12600,10,774,2599.04,40.610000,"2010-12-03 12:57:00","2011-11-11 10:29:00",10,32,2010-12-17,198.30
13854,25,2296,8109.52,73.722909,"2010-12-09 10:48:00","2011-12-01 09:06:00",25,39,2010-12-17,300.04
12370,4,2353,3545.69,21.231677,"2010-12-14 12:58:00","2011-10-19 14:51:00",4,143,2010-12-17,277.20
12931,15,28004,42055.96,512.877561,"2010-12-17 09:45:00","2011-11-18 12:39:00",12,28,2010-12-17,177.00
13627,5,1269,1638.47,17.809457,"2010-12-17 09:52:00","2011-10-11 14:20:00",5,84,2010-12-17,311.19
12748,209,25747,33719.73,7.338353,"2010-12-01 12:48:00","2011-12-09 12:20:00",113,1768,2010-12-17,146.97
12551,1,100,168.00,16.800000,"2010-12-17 11:23:00","2010-12-17 11:23:00",1,10,2010-12-17,168.00
12782,5,1086,2330.92,22.630291,"2010-12-17 11:30:00","2011-12-05 09:16:00",5,81,2010-12-17,463.50
14769,8,7436,10674.75,9.793349,"2010-12-17 11:40:00","2011-12-07 10:24:00",8,718,2010-12-17,347.01
12417,9,1552,3649.10,19.005729,"2010-12-17 11:51:00","2011-12-06 14:52:00",9,158,2010-12-17,291.34
12471,30,8212,19824.05,43.095761,"2010-12-10 09:35:00","2011-12-07 15:43:00",20,150,2010-12-17,1513.95
12971,86,9289,11189.91,36.688230,"2010-12-02 16:42:00","2011-12-06 12:20:00",71,94,2010-12-17,53.40
12709,15,3936,9736.52,46.810192,"2010-12-08 09:49:00","2011-11-24 15:38:00",15,93,2010-12-17,792.99
12647,12,1431,3722.82,30.767107,"2010-12-05 14:02:00","2011-11-17 12:56:00",11,78,2010-12-17,224.80
12621,20,7440,13689.67,29.314069,"2010-12-09 10:16:00","2011-12-08 11:25:00",17,261,2010-12-17,919.04
12726,7,3143,2609.10,21.041129,"2010-12-17 12:56:00","2011-11-11 13:35:00",7,57,2010-12-17,170.28
12720,25,4672,5781.73,16.332571,"2010-12-05 15:21:00","2011-12-07 08:03:00",21,211,2010-12-17,183.74
14243,10,1221,2588.77,18.360071,"2010-12-09 08:34:00","2011-12-01 11:12:00",10,99,2010-12-17,258.70
12431,15,2906,6487.45,27.606170,"2010-12-01 10:03:00","2011-11-04 11:55:00",14,163,2010-12-17,415.70
14016,4,2125,4341.21,26.964037,"2010-12-17 14:21:00","2011-07-01 11:29:00",4,154,2010-12-17,753.74
13033,1,83,190.55,17.322727,"2010-12-17 14:23:00","2010-12-17 14:23:00",1,11,2010-12-17,190.55
12691,6,394,1035.80,32.368750,"2010-12-17 14:46:00","2011-11-11 16:49:00",6,21,2010-12-17,180.00
13869,4,1721,3104.95,10.113844,"2010-12-17 15:14:00","2011-08-08 13:53:00",4,234,2010-12-17,323.62
14031,19,5788,17286.86,69.147440,"2010-12-02 16:34:00","2011-12-02 17:13:00",17,119,2010-12-17,668.88
14146,5,2437,4191.00,19.957143,"2010-12-17 15:52:00","2011-12-01 10:18:00",4,183,2010-12-17,1241.43
12705,9,3997,6868.29,20.563743,"2010-12-17 15:58:00","2011-11-24 13:17:00",8,228,2010-12-17,858.00
12395,12,2118,3018.63,19.350192,"2010-12-03 16:35:00","2011-11-20 15:21:00",11,91,2010-12-17,333.82
12839,14,3807,5591.42,17.807070,"2010-12-07 15:48:00","2011-12-07 12:33:00",14,95,2010-12-17,334.84
14032,11,2032,2975.59,20.808322,"2010-12-08 10:53:00","2011-12-07 15:23:00",11,53,2010-12-19,315.56
12668,4,1634,3807.15,23.646894,"2010-12-19 12:46:00","2011-11-28 10:56:00",4,115,2010-12-19,469.87
14472,8,1160,1936.84,6.892669,"2010-12-19 14:03:00","2011-08-28 11:01:00",8,153,2010-12-19,279.88
14911,201,80265,143825.06,25.343623,"2010-12-01 14:05:00","2011-12-08 15:54:00",132,1787,2010-12-19,411.10
12377,2,944,1628.12,21.144416,"2010-12-20 09:37:00","2011-01-28 15:45:00",2,72,2010-12-20,1001.52
14646,73,196915,280206.02,134.973998,"2010-12-20 10:09:00","2011-12-08 12:12:00",45,700,2010-12-20,70.96
13050,17,3748,5836.86,14.483524,"2010-12-08 09:30:00","2011-11-25 09:18:00",17,246,2010-12-20,269.50
12944,2,289,604.51,20.150333,"2010-12-20 10:41:00","2011-11-04 11:04:00",2,29,2010-12-20,286.95
14099,11,2179,3104.17,12.416680,"2010-12-20 11:14:00","2011-11-23 13:53:00",11,167,2010-12-20,383.52
12721,6,1959,2656.13,16.497702,"2010-12-20 11:38:00","2011-11-08 12:13:00",6,133,2010-12-20,286.60
13104,6,504,1098.48,54.924000,"2010-12-20 11:58:00","2011-12-06 13:10:00",6,14,2010-12-20,101.76
14113,4,745,1840.42,54.130000,"2010-12-20 12:14:00","2011-12-06 12:18:00",4,26,2010-12-20,433.50
13027,6,17280,6912.00,265.846154,"2010-12-20 12:45:00","2011-08-18 09:39:00",6,6,2010-12-20,1440.00
14298,44,58343,51527.30,31.476665,"2010-12-14 12:59:00","2011-12-01 13:12:00",25,884,2010-12-20,1716.40
14527,55,2089,8508.82,8.753930,"2010-12-05 13:17:00","2011-12-07 12:19:00",54,330,2010-12-20,138.85
14733,12,3764,9585.91,47.455000,"2010-12-07 11:30:00","2011-11-23 15:39:00",12,102,2010-12-20,832.08
14062,12,5593,10464.85,94.277928,"2010-12-10 15:56:00","2011-11-30 10:04:00",11,60,2010-12-20,477.50
13319,26,4724,10845.55,22.784769,"2010-12-09 10:04:00","2011-12-04 13:34:00",17,209,2010-12-20,791.80
12681,22,7536,13787.54,21.610564,"2010-12-07 10:08:00","2011-11-25 11:33:00",20,267,2010-12-20,1084.59
14606,93,6224,12156.65,4.502463,"2010-12-01 16:57:00","2011-12-08 19:28:00",89,819,2010-12-20,109.88
14051,23,3756,15610.39,74.335190,"2010-12-08 12:49:00","2011-12-09 10:20:00",22,52,2010-12-20,728.04
12481,10,3304,5596.32,25.789493,"2010-12-09 10:13:00","2011-11-17 08:29:00",8,150,2010-12-20,631.96
14083,9,732,1018.43,5.626685,"2010-12-03 12:24:00","2011-12-05 13:14:00",8,162,2010-12-20,150.35
13564,3,661,1749.02,21.072530,"2010-12-06 17:26:00","2011-07-18 14:33:00",3,68,2010-12-20,658.38
14135,15,3850,4690.31,35.002313,"2010-12-02 10:27:00","2011-12-08 11:38:00",14,95,2010-12-21,142.80
12971,86,9289,11189.91,36.688230,"2010-12-02 16:42:00","2011-12-06 12:20:00",71,94,2010-12-21,114.60
12423,8,1339,1859.31,14.874480,"2010-12-21 10:54:00","2011-12-09 10:10:00",8,97,2010-12-21,237.93
12678,12,10923,17628.46,106.839152,"2010-12-21 11:00:00","2011-10-28 13:04:00",9,105,2010-12-21,221.28
14911,201,80265,143825.06,25.343623,"2010-12-01 14:05:00","2011-12-08 15:54:00",132,1787,2010-12-21,762.30
14737,3,345,1164.55,68.502941,"2010-12-21 13:49:00","2011-12-06 10:16:00",3,15,2010-12-21,434.00
13029,3,134,1247.50,124.750000,"2010-12-21 13:53:00","2011-11-09 09:13:00",3,8,2010-12-21,382.50
13487,3,265,575.40,16.923529,"2010-12-21 14:54:00","2011-10-13 12:07:00",3,26,2010-12-21,193.15
14646,73,196915,280206.02,134.973998,"2010-12-20 10:09:00","2011-12-08 12:12:00",45,700,2010-12-21,8520.92
12515,1,131,383.70,23.981250,"2010-12-21 15:43:00","2010-12-21 15:43:00",1,16,2010-12-21,383.70
12748,209,25747,33719.73,7.338353,"2010-12-01 12:48:00","2011-12-09 12:20:00",113,1768,2010-12-21,69.29
13953,7,2724,3515.68,175.784000,"2010-12-22 10:29:00","2011-12-02 16:04:00",7,8,2010-12-22,500.00
14533,7,4019,1949.72,31.447097,"2010-12-22 11:07:00","2011-11-15 12:05:00",7,53,2010-12-22,433.50
14092,14,2066,4076.91,19.050981,"2010-12-16 15:47:00","2011-12-02 12:13:00",12,117,2010-12-22,351.08
12734,1,88,110.40,27.600000,"2010-12-22 12:47:00","2010-12-22 12:47:00",1,4,2010-12-22,110.40
14606,93,6224,12156.65,4.502463,"2010-12-01 16:57:00","2011-12-08 19:28:00",89,819,2010-12-22,108.63
14532,4,284,932.85,14.575781,"2010-12-22 13:48:00","2011-04-17 13:05:00",4,45,2010-12-22,222.60
12383,5,1532,1850.56,18.692525,"2010-12-22 14:28:00","2011-06-08 08:02:00",5,84,2010-12-22,600.72
13922,1,93,172.25,24.607143,"2010-12-23 10:38:00","2010-12-23 10:38:00",1,7,2010-12-23,172.25
14085,18,3184,4448.54,9.885644,"2010-12-06 12:39:00","2011-12-07 13:46:00",16,272,2010-12-23,390.95
12748,209,25747,33719.73,7.338353,"2010-12-01 12:48:00","2011-12-09 12:20:00",113,1768,2010-12-23,39.60
13817,2,211,382.98,15.957500,"2010-12-23 11:46:00","2011-11-10 17:49:00",2,20,2010-12-23,128.70
13777,33,12897,25977.16,131.863756,"2010-12-01 16:01:00","2011-12-09 12:25:00",24,36,2010-12-23,121.62
12585,2,1279,2040.10,23.449425,"2010-12-23 12:58:00","2011-04-19 13:39:00",2,77,2010-12-23,1262.85
13165,2,1376,1021.48,24.320952,"2010-12-23 14:06:00","2011-10-24 15:05:00",2,40,2010-12-23,354.64
13304,1,238,300.42,14.305714,"2010-12-23 14:35:00","2010-12-23 14:35:00",1,21,2010-12-23,300.42
14911,201,80265,143825.06,25.343623,"2010-12-01 14:05:00","2011-12-08 15:54:00",132,1787,2010-12-23,289.85
13313,5,851,1555.32,19.940000,"2011-01-04 10:00:00","2011-11-17 16:48:00",5,47,2011-01-04,307.30
13094,12,1716,1927.32,80.305000,"2010-12-06 10:34:00","2011-11-18 14:07:00",12,4,2011-01-04,76.32
14606,93,6224,12156.65,4.502463,"2010-12-01 16:57:00","2011-12-08 19:28:00",89,819,2011-01-04,339.68
13319,26,4724,10845.55,22.784769,"2010-12-09 10:04:00","2011-12-04 13:34:00",17,209,2011-01-04,510.89
13963,4,460,664.54,18.986857,"2010-12-07 09:21:00","2011-02-04 14:43:00",4,35,2011-01-04,215.41
12957,8,2549,4017.54,16.880420,"2011-01-04 12:18:00","2011-11-30 09:53:00",7,208,2011-01-04,413.68
14462,11,964,2004.02,8.350083,"2011-01-04 12:45:00","2011-10-04 15:55:00",9,150,2011-01-04,109.30
14210,6,760,1905.84,18.684706,"2010-12-03 12:43:00","2011-08-26 12:36:00",6,66,2011-01-04,363.66
14180,25,719,4748.52,19.785500,"2010-12-02 13:08:00","2011-11-29 10:56:00",24,112,2011-01-04,284.60
13397,5,430,1544.13,40.635000,"2011-01-04 13:50:00","2011-09-28 10:56:00",5,28,2011-01-04,299.92
13680,4,1936,3722.42,19.089333,"2011-01-04 14:12:00","2011-12-08 13:47:00",4,164,2011-01-04,871.48
12483,8,1110,2484.98,33.133067,"2011-01-04 14:20:00","2011-11-22 17:02:00",8,46,2011-01-04,547.56
14732,8,1405,2702.49,18.384286,"2011-01-04 14:40:00","2011-12-01 14:34:00",8,105,2011-01-04,203.10
14221,9,2191,3432.80,17.786528,"2011-01-04 15:33:00","2011-10-28 13:42:00",7,123,2011-01-04,312.95
14553,5,493,859.27,7.604159,"2011-01-04 15:40:00","2011-11-20 13:20:00",4,103,2011-01-04,201.94
13253,2,1572,1030.40,28.622222,"2011-01-04 15:43:00","2011-07-06 10:09:00",2,35,2011-01-04,476.48
13126,8,2143,2099.64,14.997429,"2010-12-08 11:42:00","2011-12-05 10:00:00",7,124,2011-01-05,323.87
13694,50,63312,65039.62,114.506373,"2010-12-01 12:12:00","2011-12-06 09:32:00",35,366,2011-01-05,1179.60
13798,57,23948,37153.85,106.458023,"2010-12-02 17:24:00","2011-12-08 15:51:00",53,113,2011-01-05,1603.00
14189,15,3937,4654.08,17.562566,"2010-12-06 11:42:00","2011-12-07 15:55:00",14,176,2011-01-05,364.80
12921,37,9526,16587.09,23.037625,"2010-12-01 15:06:00","2011-11-30 16:22:00",23,233,2011-01-05,481.70
13089,97,31070,58825.83,32.357442,"2010-12-05 10:27:00","2011-12-07 09:02:00",66,636,2011-01-05,1054.58
13629,11,4372,7792.36,132.073898,"2011-01-05 12:09:00","2011-11-16 13:21:00",11,28,2011-01-05,660.00
13715,5,563,1079.34,10.279429,"2010-12-02 08:52:00","2011-03-03 19:21:00",4,89,2011-01-05,445.22
14527,55,2089,8508.82,8.753930,"2010-12-05 13:17:00","2011-12-07 12:19:00",54,330,2011-01-05,229.75
13767,37,7322,17220.36,46.794457,"2010-12-01 10:47:00","2011-12-07 15:00:00",31,55,2011-01-05,170.40
12681,22,7536,13787.54,21.610564,"2010-12-07 10:08:00","2011-11-25 11:33:00",20,267,2011-01-05,556.07
13199,38,6176,9817.12,82.496807,"2010-12-08 10:51:00","2011-12-06 12:30:00",33,48,2011-01-05,199.44
14739,7,3820,3902.28,65.038000,"2010-12-07 14:58:00","2011-12-05 16:54:00",7,47,2011-01-05,229.56
14653,7,950,1947.55,8.217511,"2011-01-05 13:40:00","2011-12-08 13:45:00",6,154,2011-01-05,344.81
12682,31,5575,12288.22,23.406133,"2010-12-03 13:59:00","2011-12-06 10:00:00",27,209,2011-01-05,835.11
13082,9,4324,3613.63,49.501781,"2011-01-05 15:42:00","2011-08-05 16:16:00",7,63,2011-01-05,379.44
12748,209,25747,33719.73,7.338353,"2010-12-01 12:48:00","2011-12-09 12:20:00",113,1768,2011-01-05,251.30
13225,7,3416,6463.84,201.995000,"2010-12-13 09:49:00","2011-12-06 13:29:00",7,23,2011-01-05,1263.72
14045,4,535,1659.75,276.625000,"2010-12-01 11:32:00","2011-08-22 15:27:00",3,4,2011-01-06,925.35
13097,10,2363,6010.42,14.209031,"2010-12-14 15:13:00","2011-11-07 10:43:00",9,214,2011-01-06,771.29
13089,97,31070,58825.83,32.357442,"2010-12-05 10:27:00","2011-12-07 09:02:00",66,636,2011-01-06,730.88
12415,21,77374,124914.53,174.950322,"2011-01-06 11:12:00","2011-11-15 14:22:00",16,444,2011-01-06,7011.38
13458,14,5508,9646.57,25.252801,"2010-12-15 12:05:00","2011-12-02 15:29:00",14,242,2011-01-06,1489.18
14135,15,3850,4690.31,35.002313,"2010-12-02 10:27:00","2011-12-08 11:38:00",14,95,2011-01-06,186.00
14618,3,264,553.44,34.590000,"2011-01-06 11:59:00","2011-11-30 13:45:00",3,10,2011-01-06,211.80
13680,4,1936,3722.42,19.089333,"2011-01-04 14:12:00","2011-12-08 13:47:00",4,164,2011-01-06,1520.11
14680,16,13476,28754.11,111.450039,"2010-12-03 12:05:00","2011-11-14 16:59:00",16,73,2011-01-06,1520.11
14258,9,7100,12669.98,114.143964,"2011-01-06 12:18:00","2011-11-30 15:27:00",8,58,2011-01-06,3120.22
13368,2,327,623.40,21.496552,"2011-01-06 12:32:00","2011-03-28 09:59:00",2,29,2011-01-06,35.40
12386,2,354,401.90,40.190000,"2010-12-08 09:53:00","2011-01-06 12:37:00",2,10,2011-01-06,143.00
14299,9,2149,3965.62,27.731608,"2010-12-09 10:30:00","2011-12-01 16:05:00",9,94,2011-01-06,621.90
12841,25,2757,4022.35,9.577024,"2010-12-03 10:43:00","2011-12-05 11:13:00",24,229,2011-01-06,224.11
12735,2,368,779.57,18.129535,"2011-01-06 14:26:00","2011-01-28 13:37:00",2,38,2011-01-06,319.77
13764,3,932,1521.76,7.316154,"2011-01-06 14:53:00","2011-09-30 12:03:00",3,183,2011-01-06,499.89
13576,18,2646,6717.34,53.312222,"2010-12-01 17:24:00","2011-11-29 15:34:00",18,78,2011-01-06,623.68
13093,8,3961,7832.47,49.260818,"2010-12-01 15:00:00","2011-03-09 12:14:00",7,97,2011-01-06,1374.46
13599,21,3294,5153.67,20.865061,"2010-12-08 10:11:00","2011-12-08 16:10:00",15,171,2011-01-06,369.14
13408,62,16232,28117.04,58.822259,"2010-12-01 10:39:00","2011-12-08 09:05:00",41,234,2011-01-06,304.20
13656,2,490,379.65,7.747959,"2011-01-06 15:42:00","2011-06-28 10:31:00",2,49,2011-01-06,162.70
12971,86,9289,11189.91,36.688230,"2010-12-02 16:42:00","2011-12-06 12:20:00",71,94,2011-01-06,185.10
14505,8,2759,5905.64,7.391289,"2010-12-12 16:14:00","2011-11-22 15:45:00",8,540,2011-01-06,317.06
12413,3,286,758.10,19.950000,"2011-01-06 16:12:00","2011-10-04 09:00:00",3,29,2011-01-06,479.25
13094,12,1716,1927.32,80.305000,"2010-12-06 10:34:00","2011-11-18 14:07:00",12,4,2011-01-06,76.32
14312,6,1012,1611.59,18.524023,"2011-01-06 16:35:00","2011-10-24 09:46:00",6,74,2011-01-06,309.55
13081,11,19068,28337.38,27.673223,"2010-12-03 17:20:00","2011-11-28 10:54:00",9,503,2011-01-06,3527.64
13280,3,522,814.86,9.586588,"2011-01-06 17:10:00","2011-08-09 13:14:00",3,67,2011-01-06,307.35
14702,17,1454,3292.14,9.487435,"2010-12-09 19:23:00","2011-12-08 19:29:00",17,196,2011-01-06,237.65
14031,19,5788,17286.86,69.147440,"2010-12-02 16:34:00","2011-12-02 17:13:00",17,119,2011-01-06,969.24
13187,1,95,236.02,6.378919,"2011-01-06 18:57:00","2011-01-06 18:57:00",1,37,2011-01-06,236.02
14047,5,381,1308.61,40.894063,"2010-12-02 10:09:00","2011-12-01 11:43:00",5,22,2011-01-07,9.30
12947,6,1165,1603.99,16.535979,"2010-12-01 16:21:00","2011-07-19 10:06:00",6,83,2011-01-07,301.66
14828,3,2172,2139.76,125.868235,"2011-01-07 09:50:00","2011-05-27 10:16:00",3,17,2011-01-07,582.00
13798,57,23948,37153.85,106.458023,"2010-12-02 17:24:00","2011-12-08 15:51:00",53,113,2011-01-07,495.00
12530,4,913,1662.28,25.186061,"2011-01-07 10:04:00","2011-10-11 12:34:00",4,51,2011-01-07,387.40
13842,9,1768,3385.62,16.435049,"2010-12-08 10:39:00","2011-10-12 10:51:00",9,155,2011-01-07,303.00
12481,10,3304,5596.32,25.789493,"2010-12-09 10:13:00","2011-11-17 08:29:00",8,150,2011-01-07,603.09
12829,2,376,293.00,26.636364,"2010-12-14 14:54:00","2011-01-07 11:13:00",2,9,2011-01-07,207.25
13750,5,516,1647.26,68.635833,"2011-01-07 11:49:00","2011-10-17 12:16:00",5,20,2011-01-07,325.44
13426,10,2245,3641.32,23.193121,"2010-12-15 12:43:00","2011-12-09 08:59:00",10,103,2011-01-07,302.45
12583,15,5060,7281.38,29.479271,"2010-12-01 08:45:00","2011-12-07 08:07:00",15,115,2011-01-07,730.16
13534,25,2961,5870.08,19.831351,"2010-12-16 15:23:00","2011-12-07 14:52:00",18,119,2011-01-07,188.00
14217,17,689,2004.98,20.049800,"2010-12-08 13:28:00","2011-12-08 11:53:00",16,78,2011-01-07,102.50
12501,1,1783,2169.39,14.559664,"2011-01-07 12:28:00","2011-01-07 12:28:00",1,149,2011-01-07,2169.39
12489,1,105,334.93,22.328667,"2011-01-07 13:13:00","2011-01-07 13:13:00",1,15,2011-01-07,334.93
14298,44,58343,51527.30,31.476665,"2010-12-14 12:59:00","2011-12-01 13:12:00",25,884,2011-01-07,1429.90
12484,6,2191,4541.72,13.126358,"2011-01-07 14:04:00","2011-11-07 11:37:00",6,256,2011-01-07,1138.67
13233,2,1004,605.12,14.072558,"2011-01-07 14:49:00","2011-09-26 13:25:00",2,43,2011-01-07,304.24
14889,1,90,135.90,13.590000,"2011-01-07 15:19:00","2011-01-07 15:19:00",1,10,2011-01-07,135.90
12480,4,1707,3281.63,21.309286,"2011-01-07 15:27:00","2011-11-11 14:52:00",4,129,2011-01-07,816.25
14672,2,454,765.55,12.550000,"2011-01-07 15:48:00","2011-04-19 10:19:00",2,58,2011-01-07,285.28
13593,5,731,2037.08,15.914688,"2011-01-07 16:32:00","2011-08-23 13:35:00",5,77,2011-01-07,559.85
14867,3,328,710.28,19.730000,"2011-01-07 16:34:00","2011-06-07 11:39:00",3,31,2011-01-07,300.74
13162,4,1713,1688.29,21.370759,"2011-01-09 10:43:00","2011-08-09 15:59:00",4,74,2011-01-09,753.26
13183,9,2208,3957.78,42.104043,"2011-01-09 10:50:00","2011-12-02 10:30:00",9,51,2011-01-09,625.04
13668,21,3742,6363.59,13.539553,"2010-12-12 12:35:00","2011-12-07 12:11:00",21,284,2011-01-09,208.56
12939,8,4876,11581.80,246.421277,"2011-01-09 11:20:00","2011-10-06 14:33:00",6,21,2011-01-09,1933.20
14810,11,1016,2087.88,8.187765,"2010-12-05 12:08:00","2011-10-30 11:19:00",11,106,2011-01-09,146.55
14800,12,3655,4339.74,11.272052,"2010-12-05 11:10:00","2011-10-23 12:46:00",12,246,2011-01-09,537.99
14472,8,1160,1936.84,6.892669,"2010-12-19 14:03:00","2011-08-28 11:01:00",8,153,2011-01-09,334.26
13758,7,1844,3190.55,27.269658,"2010-12-01 12:08:00","2011-11-28 11:11:00",7,104,2011-01-09,422.40
14761,2,118,255.90,23.263636,"2011-01-09 12:03:00","2011-10-12 12:10:00",2,11,2011-01-09,97.50
12793,2,295,545.48,22.728333,"2010-12-03 15:14:00","2011-01-09 12:12:00",2,21,2011-01-09,413.68
12651,1,78,114.00,12.666667,"2011-01-09 12:46:00","2011-01-09 12:46:00",1,9,2011-01-09,114.00
13102,24,4204,6424.09,21.131875,"2010-12-09 13:38:00","2011-12-08 12:52:00",20,140,2011-01-09,301.28
13069,24,5885,4436.12,10.437929,"2010-12-05 11:02:00","2011-12-09 08:39:00",20,281,2011-01-09,340.94
14606,93,6224,12156.65,4.502463,"2010-12-01 16:57:00","2011-12-08 19:28:00",89,819,2011-01-09,229.48
14755,11,2219,5010.28,21.320340,"2011-01-09 14:02:00","2011-11-30 11:24:00",11,128,2011-01-09,488.46
14702,17,1454,3292.14,9.487435,"2010-12-09 19:23:00","2011-12-08 19:29:00",17,196,2011-01-09,221.70
12971,86,9289,11189.91,36.688230,"2010-12-02 16:42:00","2011-12-06 12:20:00",71,94,2011-01-09,25.20
13565,2,172,240.22,6.321579,"2011-01-09 14:28:00","2011-11-20 14:33:00",2,35,2011-01-09,110.18
14395,9,1693,3507.71,10.022029,"2010-12-02 18:15:00","2011-12-07 14:34:00",9,181,2011-01-09,380.68
13451,5,2149,2976.15,6.718172,"2011-01-09 15:35:00","2011-11-13 15:58:00",5,315,2011-01-09,401.49
12766,7,3646,6989.63,22.547194,"2010-12-08 13:53:00","2011-12-06 08:46:00",7,205,2011-01-09,686.48
14911,201,80265,143825.06,25.343623,"2010-12-01 14:05:00","2011-12-08 15:54:00",132,1787,2011-01-09,258.00
14794,7,673,1319.91,16.498875,"2011-01-09 16:11:00","2011-12-07 10:11:00",7,68,2011-01-09,179.10
12539,4,2067,5568.35,20.396886,"2011-01-10 09:11:00","2011-11-17 13:30:00",4,157,2011-01-10,1715.85
12500,11,2678,4257.82,69.800328,"2011-01-10 09:48:00","2011-11-16 16:20:00",10,34,2011-01-10,344.94
12415,21,77374,124914.53,174.950322,"2011-01-06 11:12:00","2011-11-15 14:22:00",16,444,2011-01-10,81.60
13004,18,4822,5655.91,13.999777,"2010-12-17 08:20:00","2011-11-28 11:27:00",17,277,2011-01-10,326.78
12524,8,3699,4485.72,31.150833,"2011-01-10 10:35:00","2011-11-30 15:31:00",8,113,2011-01-10,337.39
14321,5,2406,1530.75,12.445122,"2011-01-10 11:35:00","2011-11-29 09:47:00",5,111,2011-01-10,326.82
14229,3,610,1547.20,38.680000,"2011-01-10 12:03:00","2011-10-19 10:04:00",3,29,2011-01-10,456.97
13107,4,1293,1531.62,26.407241,"2011-01-10 12:28:00","2011-10-26 14:52:00",4,54,2011-01-10,566.84
14527,55,2089,8508.82,8.753930,"2010-12-05 13:17:00","2011-12-07 12:19:00",54,330,2011-01-10,167.60
12681,22,7536,13787.54,21.610564,"2010-12-07 10:08:00","2011-11-25 11:33:00",20,267,2011-01-10,1238.06
14060,19,5386,6140.42,30.398119,"2010-12-02 12:11:00","2011-12-05 12:29:00",19,86,2011-01-10,402.66
13767,37,7322,17220.36,46.794457,"2010-12-01 10:47:00","2011-12-07 15:00:00",31,55,2011-01-10,500.48
12736,1,173,234.00,58.500000,"2011-01-11 07:57:00","2011-01-11 07:57:00",1,4,2011-01-11,234.00
13473,2,266,422.64,20.125714,"2011-01-11 08:45:00","2011-10-10 11:20:00",2,21,2011-01-11,241.26
14320,2,325,477.79,15.412581,"2011-01-11 09:12:00","2011-05-17 09:24:00",2,29,2011-01-11,352.51
12393,4,816,1582.60,24.728125,"2011-01-11 09:47:00","2011-09-28 15:41:00",4,47,2011-01-11,462.50
13491,10,903,1215.82,14.137442,"2010-12-02 14:30:00","2011-10-19 08:32:00",10,73,2011-01-11,140.49
14135,15,3850,4690.31,35.002313,"2010-12-02 10:27:00","2011-12-08 11:38:00",14,95,2011-01-11,511.46
14217,17,689,2004.98,20.049800,"2010-12-08 13:28:00","2011-12-08 11:53:00",16,78,2011-01-11,69.70
12601,5,245,577.06,20.609286,"2011-01-11 10:38:00","2011-06-03 10:17:00",5,21,2011-01-11,144.26
13468,37,2589,5704.97,18.890629,"2010-12-01 15:08:00","2011-12-08 10:39:00",36,184,2011-01-11,145.75
13144,1,21,110.95,36.983333,"2011-01-11 11:15:00","2011-01-11 11:15:00",1,3,2011-01-11,110.95
12557,5,4384,11990.96,363.362424,"2010-12-03 12:20:00","2011-11-23 16:59:00",5,15,2011-01-11,3417.12
12643,6,1808,3344.64,139.360000,"2011-01-11 11:48:00","2011-08-03 12:56:00",5,11,2011-01-11,871.20
13078,26,5630,12627.94,35.273575,"2010-12-08 09:07:00","2011-12-06 15:36:00",25,95,2011-01-11,355.80
13798,57,23948,37153.85,106.458023,"2010-12-02 17:24:00","2011-12-08 15:51:00",53,113,2011-01-11,302.36
12540,17,6685,13400.24,28.033975,"2010-12-13 09:39:00","2011-11-20 11:31:00",17,277,2011-01-11,1147.18
14669,3,775,1269.99,7.470529,"2011-01-11 12:30:00","2011-04-12 11:43:00",2,158,2011-01-11,842.45
14209,6,691,2073.43,23.832529,"2011-01-11 12:56:00","2011-11-29 10:18:00",6,55,2011-01-11,347.95
12728,4,419,836.33,18.181087,"2011-01-11 13:31:00","2011-09-29 15:31:00",4,38,2011-01-11,252.54
13672,2,57,186.39,31.065000,"2011-01-11 13:54:00","2011-02-11 13:53:00",2,4,2011-01-11,62.13
13102,24,4204,6424.09,21.131875,"2010-12-09 13:38:00","2011-12-08 12:52:00",20,140,2011-01-11,447.28
13784,11,2493,2462.79,79.444839,"2011-01-11 14:38:00","2011-11-30 09:33:00",11,9,2011-01-11,113.64
14733,12,3764,9585.91,47.455000,"2010-12-07 11:30:00","2011-11-23 15:39:00",12,102,2011-01-11,1578.31
12724,4,445,1031.41,19.460566,"2011-01-11 15:00:00","2011-12-04 16:02:00",4,47,2011-01-11,154.90
13862,8,1688,2209.36,15.894676,"2011-01-11 15:13:00","2011-11-21 16:24:00",8,97,2011-01-11,425.10
12971,86,9289,11189.91,36.688230,"2010-12-02 16:42:00","2011-12-06 12:20:00",71,94,2011-01-11,71.50
14270,1,197,492.65,16.987931,"2011-01-12 09:33:00","2011-01-12 09:33:00",1,29,2011-01-12,492.65
12523,11,865,1789.77,16.884623,"2011-01-12 09:43:00","2011-11-20 12:55:00",11,84,2011-01-12,102.95
12712,13,1062,4396.13,33.053609,"2010-12-03 14:30:00","2011-11-11 08:19:00",13,58,2011-01-12,250.65
13488,13,4518,8968.31,21.251919,"2010-12-07 13:01:00","2011-11-22 14:41:00",12,271,2011-01-12,1358.29
12980,9,886,7374.90,368.745000,"2010-12-16 11:36:00","2011-07-05 09:34:00",9,6,2011-01-12,721.92
13267,19,1969,4521.49,21.428863,"2010-12-08 09:20:00","2011-12-07 11:12:00",14,88,2011-01-12,311.67
12359,4,1622,6372.58,25.695887,"2011-01-12 12:43:00","2011-10-13 12:47:00",4,214,2011-01-12,547.50
13113,24,3045,12245.96,61.229800,"2010-12-08 13:21:00","2011-12-09 12:49:00",23,95,2011-01-12,676.60
14587,9,761,1601.14,4.180522,"2011-01-12 13:16:00","2011-11-21 11:34:00",9,170,2011-01-12,220.85
14606,93,6224,12156.65,4.502463,"2010-12-01 16:57:00","2011-12-08 19:28:00",89,819,2011-01-12,174.15
14715,4,521,867.38,12.216620,"2011-01-12 13:27:00","2011-11-15 12:10:00",4,60,2011-01-12,137.95
14185,1,6,197.65,65.883333,"2011-01-12 13:52:00","2011-01-12 13:52:00",1,3,2011-01-12,197.65
12383,5,1532,1850.56,18.692525,"2010-12-22 14:28:00","2011-06-08 08:02:00",5,84,2011-01-12,651.16
12437,18,2922,4951.41,24.881457,"2011-01-12 14:13:00","2011-12-08 11:35:00",15,118,2011-01-12,392.70
12971,86,9289,11189.91,36.688230,"2010-12-02 16:42:00","2011-12-06 12:20:00",71,94,2011-01-12,112.08
14040,12,1554,3614.92,15.382638,"2011-01-12 14:57:00","2011-10-30 12:42:00",11,146,2011-01-12,289.70
12652,1,505,919.98,19.166250,"2011-01-12 15:00:00","2011-01-12 15:00:00",1,48,2011-01-12,919.98
14514,3,589,1055.35,14.456849,"2011-01-12 15:22:00","2011-10-09 16:05:00",3,65,2011-01-12,255.25
12868,6,928,1607.06,15.019252,"2010-12-01 12:50:00","2011-06-07 10:42:00",6,72,2011-01-12,287.46
14167,4,150,574.84,11.054615,"2011-01-12 15:44:00","2011-10-31 14:29:00",4,27,2011-01-12,148.35
13284,1,91,201.19,15.476154,"2011-01-13 09:23:00","2011-01-13 09:23:00",1,13,2011-01-13,201.19
13089,97,31070,58825.83,32.357442,"2010-12-05 10:27:00","2011-12-07 09:02:00",66,636,2011-01-13,704.59
13694,50,63312,65039.62,114.506373,"2010-12-01 12:12:00","2011-12-06 09:32:00",35,366,2011-01-13,1431.28
12951,6,503,1064.07,16.890000,"2011-01-13 10:33:00","2011-12-01 12:14:00",6,53,2011-01-13,188.69
13993,9,900,3466.36,28.647603,"2011-01-13 10:43:00","2011-10-28 09:06:00",9,66,2011-01-13,323.15
14114,2,101,386.53,25.768667,"2011-01-13 11:05:00","2011-03-11 09:42:00",2,15,2011-01-13,195.13
14085,18,3184,4448.54,9.885644,"2010-12-06 12:39:00","2011-12-07 13:46:00",16,272,2011-01-13,222.97
14978,5,525,1931.42,8.941759,"2011-01-13 12:03:00","2011-09-28 13:07:00",5,136,2011-01-13,310.26
13093,8,3961,7832.47,49.260818,"2010-12-01 15:00:00","2011-03-09 12:14:00",7,97,2011-01-13,898.50
13614,4,570,1610.46,8.012239,"2011-01-13 12:37:00","2011-11-15 14:47:00",4,171,2011-01-13,205.75
12471,30,8212,19824.05,43.095761,"2010-12-10 09:35:00","2011-12-07 15:43:00",20,150,2011-01-13,753.45
13246,6,1602,1987.30,14.094326,"2011-01-13 13:36:00","2011-11-21 16:50:00",6,110,2011-01-13,336.07
14215,6,1358,1789.72,16.571481,"2010-12-06 15:34:00","2011-11-28 12:19:00",6,98,2011-01-13,596.06
13199,38,6176,9817.12,82.496807,"2010-12-08 10:51:00","2011-12-06 12:30:00",33,48,2011-01-13,76.32
14299,9,2149,3965.62,27.731608,"2010-12-09 10:30:00","2011-12-01 16:05:00",9,94,2011-01-13,175.20
12578,2,1196,2794.51,24.513246,"2011-01-13 15:34:00","2011-11-18 13:30:00",2,111,2011-01-13,1608.66
12490,10,3064,5417.93,22.114000,"2011-01-14 09:13:00","2011-12-04 16:07:00",10,131,2011-01-14,864.22
12672,1,78,225.90,22.590000,"2011-01-14 09:20:00","2011-01-14 09:20:00",1,10,2011-01-14,225.90
12708,10,1307,2712.91,17.279682,"2010-12-06 10:43:00","2011-11-10 09:52:00",10,86,2011-01-14,284.62
13385,1,281,534.57,15.273429,"2011-01-14 09:52:00","2011-01-14 09:52:00",1,35,2011-01-14,534.57
12474,18,4847,7375.79,17.395731,"2011-01-14 10:06:00","2011-11-22 14:39:00",17,253,2011-01-14,249.40
13777,33,12897,25977.16,131.863756,"2010-12-01 16:01:00","2011-12-09 12:25:00",24,36,2011-01-14,332.64
12553,10,1965,3692.28,19.331309,"2011-01-14 10:42:00","2011-12-01 16:38:00",10,95,2011-01-14,700.31
12393,4,816,1582.60,24.728125,"2011-01-11 09:47:00","2011-09-28 15:41:00",4,47,2011-01-14,177.00
13854,25,2296,8109.52,73.722909,"2010-12-09 10:48:00","2011-12-01 09:06:00",25,39,2011-01-14,345.85
12877,12,1178,1535.77,9.972532,"2010-12-16 12:23:00","2011-12-06 10:30:00",12,100,2011-01-14,100.20
13090,14,2263,8910.82,57.489161,"2010-12-02 07:48:00","2011-12-01 12:39:00",13,98,2011-01-14,302.76
14175,3,1515,3222.30,21.626174,"2011-01-14 12:22:00","2011-10-11 11:55:00",3,139,2011-01-14,322.58
14646,73,196915,280206.02,134.973998,"2010-12-20 10:09:00","2011-12-08 12:12:00",45,700,2011-01-14,10389.06
14329,7,3095,5014.84,19.362317,"2011-01-14 13:42:00","2011-11-22 15:50:00",6,218,2011-01-14,1547.58
14156,55,57885,117379.63,83.842593,"2010-12-03 11:48:00","2011-11-30 10:54:00",43,714,2011-01-14,16774.72
14099,11,2179,3104.17,12.416680,"2010-12-20 11:14:00","2011-11-23 13:53:00",11,167,2011-01-14,234.62
13782,6,371,912.00,7.930435,"2011-01-16 11:08:00","2011-11-27 11:54:00",6,96,2011-01-16,191.94
12924,4,481,933.70,31.123333,"2011-01-16 11:49:00","2011-09-12 13:55:00",4,22,2011-01-16,58.19
12989,15,2943,6924.11,108.189219,"2010-12-10 13:24:00","2011-12-06 15:28:00",13,41,2011-01-16,810.00
12748,209,25747,33719.73,7.338353,"2010-12-01 12:48:00","2011-12-09 12:20:00",113,1768,2011-01-16,8.52
13700,10,2304,2265.12,11.498071,"2011-01-16 13:18:00","2011-11-13 13:00:00",8,139,2011-01-16,156.01
13064,4,516,1119.49,16.224493,"2011-01-16 13:41:00","2011-11-27 12:31:00",4,51,2011-01-16,203.30
13048,4,1238,1835.91,13.499338,"2011-01-16 14:36:00","2011-11-25 13:23:00",4,77,2011-01-16,477.61
13634,5,704,1575.16,8.378511,"2011-01-16 15:30:00","2011-11-06 13:40:00",5,156,2011-01-16,362.00
14404,6,839,1474.32,14.313786,"2010-12-05 16:00:00","2011-11-06 12:30:00",6,70,2011-01-16,282.60
12779,8,2024,3981.36,26.720537,"2010-12-03 13:40:00","2011-11-02 11:43:00",8,88,2011-01-17,613.22
12872,2,319,599.97,9.090455,"2010-12-09 14:44:00","2011-01-17 10:52:00",2,58,2011-01-17,221.44
12626,9,3453,6620.48,22.518639,"2011-01-17 11:01:00","2011-11-16 16:06:00",9,232,2011-01-17,1096.00
14976,7,234,790.86,10.984167,"2011-01-17 11:09:00","2011-10-13 16:37:00",5,47,2011-01-17,155.95
12388,6,1462,2780.66,27.806600,"2011-01-17 11:12:00","2011-11-24 12:30:00",6,57,2011-01-17,431.30
13527,7,1692,2287.51,10.257892,"2011-01-17 11:17:00","2011-11-06 12:04:00",6,153,2011-01-17,110.45
13155,4,497,971.76,11.432471,"2010-12-06 12:44:00","2011-11-06 15:41:00",4,67,2011-01-17,189.50
14176,4,209,576.90,18.609677,"2010-12-07 11:45:00","2011-02-15 13:12:00",3,28,2011-01-17,121.20
12673,2,351,610.52,14.536190,"2011-01-17 11:46:00","2011-12-04 13:55:00",2,42,2011-01-17,220.90
14135,15,3850,4690.31,35.002313,"2010-12-02 10:27:00","2011-12-08 11:38:00",14,95,2011-01-17,167.40
12820,4,722,942.34,15.971864,"2011-01-17 12:34:00","2011-12-06 15:12:00",4,55,2011-01-17,170.46
13001,13,5505,9818.82,28.964071,"2011-01-17 12:45:00","2011-12-05 14:51:00",13,166,2011-01-17,805.45
13982,4,1136,1871.81,16.863153,"2010-12-09 13:57:00","2011-10-31 16:24:00",4,72,2011-01-17,475.20
14101,6,6942,5976.79,170.765429,"2011-01-17 13:09:00","2011-09-27 12:28:00",6,15,2011-01-17,751.60
14525,9,2696,4332.20,14.887285,"2010-12-13 17:40:00","2011-11-20 11:37:00",9,217,2011-01-17,264.65
14606,93,6224,12156.65,4.502463,"2010-12-01 16:57:00","2011-12-08 19:28:00",89,819,2011-01-17,208.32
14667,25,5385,9241.20,16.127749,"2010-12-06 13:13:00","2011-11-29 11:30:00",23,354,2011-01-17,305.81
14898,6,1020,1303.52,11.237241,"2010-12-03 15:25:00","2011-11-16 14:54:00",6,86,2011-01-17,157.20
13769,10,1163,2796.51,20.714889,"2010-12-07 13:28:00","2011-12-07 15:08:00",9,73,2011-01-17,304.02
13209,8,4253,5891.61,18.353925,"2010-12-13 10:31:00","2011-11-09 13:54:00",6,255,2011-01-17,111.35
14238,1,111,146.85,18.356250,"2011-01-17 14:40:00","2011-01-17 14:40:00",1,8,2011-01-17,146.85
13983,12,1183,2603.43,24.331121,"2010-12-08 10:38:00","2011-11-10 11:06:00",10,91,2011-01-17,330.58
13929,2,143,842.65,93.627778,"2011-01-17 15:11:00","2011-06-23 15:26:00",2,8,2011-01-17,412.85
12683,15,4987,8476.57,24.641192,"2010-12-09 10:37:00","2011-12-05 16:31:00",11,177,2011-01-17,732.14
14657,4,466,848.22,6.731905,"2011-01-17 15:19:00","2011-11-22 12:47:00",4,103,2011-01-17,416.08
13199,38,6176,9817.12,82.496807,"2010-12-08 10:51:00","2011-12-06 12:30:00",33,48,2011-01-17,152.64
13246,6,1602,1987.30,14.094326,"2011-01-13 13:36:00","2011-11-21 16:50:00",6,110,2011-01-17,347.04
13089,97,31070,58825.83,32.357442,"2010-12-05 10:27:00","2011-12-07 09:02:00",66,636,2011-01-17,1207.13
13859,1,129,201.16,7.184286,"2011-01-17 16:14:00","2011-01-17 16:14:00",1,27,2011-01-17,201.16
14242,2,123,280.55,17.534375,"2011-01-18 08:53:00","2011-04-19 11:46:00",2,13,2011-01-18,138.35
14688,21,3621,5630.87,17.219786,"2010-12-01 09:37:00","2011-12-02 12:26:00",20,148,2011-01-18,302.22
12356,3,1591,2811.43,47.651356,"2011-01-18 09:50:00","2011-11-17 08:40:00",3,53,2011-01-18,2271.62
12346,1,74215,77183.60,77183.600000,"2011-01-18 10:01:00","2011-01-18 10:01:00",1,1,2011-01-18,77183.60
12748,209,25747,33719.73,7.338353,"2010-12-01 12:48:00","2011-12-09 12:20:00",113,1768,2011-01-18,158.95
14911,201,80265,143825.06,25.343623,"2010-12-01 14:05:00","2011-12-08 15:54:00",132,1787,2011-01-18,465.58
13898,1,133,155.93,12.994167,"2011-01-18 10:28:00","2011-01-18 10:28:00",1,12,2011-01-18,155.93
12527,3,234,348.71,19.372778,"2011-01-18 12:05:00","2011-09-19 11:55:00",3,18,2011-01-18,132.52
14696,7,1630,2078.95,15.991923,"2010-12-01 15:37:00","2011-12-05 13:43:00",7,117,2011-01-18,293.63
13984,5,679,920.51,57.531875,"2010-12-08 15:58:00","2011-11-13 12:38:00",5,14,2011-01-18,129.95
12510,2,353,982.57,29.774848,"2011-01-18 14:04:00","2011-07-20 10:15:00",2,29,2011-01-18,681.05
14415,13,3011,5900.28,10.000475,"2010-12-14 13:31:00","2011-12-08 14:38:00",13,283,2011-01-18,235.60
13263,35,4780,7454.07,4.444884,"2011-01-18 16:31:00","2011-12-08 13:59:00",33,450,2011-01-18,141.66
14428,5,436,1244.83,8.644653,"2011-01-18 16:39:00","2011-12-02 13:17:00",5,108,2011-01-18,203.55
12665,1,37,63.00,21.000000,"2011-01-19 08:34:00","2011-01-19 08:34:00",1,3,2011-01-19,63.00
12451,5,6575,9035.52,25.524068,"2011-01-19 09:05:00","2011-11-29 08:40:00",5,265,2011-01-19,2919.51
12422,3,370,803.56,20.604103,"2011-01-19 09:13:00","2011-09-05 09:48:00",3,39,2011-01-19,238.50
14090,1,72,76.32,76.320000,"2011-01-19 10:51:00","2011-01-19 10:51:00",1,1,2011-01-19,76.32
14769,8,7436,10674.75,9.793349,"2010-12-17 11:40:00","2011-12-07 10:24:00",8,718,2011-01-19,523.98
14527,55,2089,8508.82,8.753930,"2010-12-05 13:17:00","2011-12-07 12:19:00",54,330,2011-01-19,172.15
12681,22,7536,13787.54,21.610564,"2010-12-07 10:08:00","2011-11-25 11:33:00",20,267,2011-01-19,752.75
13520,6,1649,3624.35,38.971505,"2010-12-03 10:36:00","2011-10-12 10:20:00",6,49,2011-01-19,685.12
14646,73,196915,280206.02,134.973998,"2010-12-20 10:09:00","2011-12-08 12:12:00",45,700,2011-01-19,7722.04
12841,25,2757,4022.35,9.577024,"2010-12-03 10:43:00","2011-12-05 11:13:00",24,229,2011-01-19,169.68
12826,7,1058,1474.72,16.205714,"2010-12-09 15:21:00","2011-12-07 10:25:00",7,58,2011-01-19,212.72
14180,25,719,4748.52,19.785500,"2010-12-02 13:08:00","2011-11-29 10:56:00",24,112,2011-01-19,275.50
14307,6,2058,2995.72,16.642889,"2010-12-01 11:41:00","2011-09-12 09:38:00",5,150,2011-01-19,487.45
13310,3,587,1132.03,15.722639,"2011-01-19 14:50:00","2011-11-11 17:23:00",3,65,2011-01-19,410.18
14916,4,1136,1268.98,16.480260,"2011-01-19 15:30:00","2011-09-30 09:20:00",4,72,2011-01-19,295.05
14606,93,6224,12156.65,4.502463,"2010-12-01 16:57:00","2011-12-08 19:28:00",89,819,2011-01-19,116.06
14031,19,5788,17286.86,69.147440,"2010-12-02 16:34:00","2011-12-02 17:13:00",17,119,2011-01-19,456.27
14572,7,1428,2832.84,10.492000,"2011-01-19 17:23:00","2011-12-06 14:40:00",7,190,2011-01-19,335.63
13502,3,264,292.00,16.222222,"2011-01-20 09:03:00","2011-11-23 10:39:00",3,17,2011-01-20,114.60
14784,2,237,289.99,19.332667,"2011-01-20 09:25:00","2011-11-13 13:30:00",2,15,2011-01-20,114.68
14646,73,196915,280206.02,134.973998,"2010-12-20 10:09:00","2011-12-08 12:12:00",45,700,2011-01-20,305.28
12637,8,3002,6021.90,15.440769,"2011-01-20 10:47:00","2011-10-03 13:46:00",7,205,2011-01-20,1516.68
14779,3,84,386.15,9.418293,"2011-01-20 12:04:00","2011-03-04 12:42:00",3,40,2011-01-20,262.55
14911,201,80265,143825.06,25.343623,"2010-12-01 14:05:00","2011-12-08 15:54:00",132,1787,2011-01-20,2756.84
14735,32,2264,6065.69,31.266443,"2010-12-16 16:05:00","2011-12-06 12:09:00",20,99,2011-01-20,654.20
12402,1,94,225.60,20.509091,"2011-01-20 13:49:00","2011-01-20 13:49:00",1,11,2011-01-20,225.60
12747,11,1275,4196.01,40.737961,"2010-12-05 15:38:00","2011-12-07 14:34:00",11,42,2011-01-20,303.04
14062,12,5593,10464.85,94.277928,"2010-12-10 15:56:00","2011-11-30 10:04:00",11,60,2011-01-20,1652.27
13008,1,175,229.47,16.390714,"2011-01-20 14:24:00","2011-01-20 14:24:00",1,14,2011-01-20,229.47
14770,2,490,876.42,16.854231,"2011-01-20 15:00:00","2011-04-21 14:21:00",2,49,2011-01-20,278.60
14085,18,3184,4448.54,9.885644,"2010-12-06 12:39:00","2011-12-07 13:46:00",16,272,2011-01-20,330.48
14713,11,1615,2666.36,7.865369,"2010-12-09 18:58:00","2011-11-30 16:26:00",11,146,2011-01-20,222.24
12594,10,1777,3338.22,28.290000,"2011-01-21 09:52:00","2011-11-02 12:20:00",9,50,2011-01-21,341.00
14646,73,196915,280206.02,134.973998,"2010-12-20 10:09:00","2011-12-08 12:12:00",45,700,2011-01-21,8060.30
12664,9,1203,4881.88,131.942703,"2011-01-21 11:42:00","2011-12-01 17:07:00",9,10,2011-01-21,661.58
13102,24,4204,6424.09,21.131875,"2010-12-09 13:38:00","2011-12-08 12:52:00",20,140,2011-01-21,8.50
14779,3,84,386.15,9.418293,"2011-01-20 12:04:00","2011-03-04 12:42:00",3,40,2011-01-21,85.60
13999,12,2243,3901.81,18.758702,"2010-12-13 11:23:00","2011-11-29 13:40:00",12,102,2011-01-21,307.60
14088,13,12665,50491.81,85.724635,"2011-01-21 13:07:00","2011-11-29 16:16:00",12,379,2011-01-21,7544.91
13969,18,4542,9053.94,14.463163,"2010-12-09 19:32:00","2011-12-02 15:11:00",17,334,2011-01-21,345.24
14692,4,265,591.55,8.699265,"2011-01-21 13:47:00","2011-07-25 15:08:00",4,53,2011-01-21,259.60
14092,14,2066,4076.91,19.050981,"2010-12-16 15:47:00","2011-12-02 12:13:00",12,117,2011-01-21,318.50
12970,4,310,452.24,2.994967,"2011-01-21 14:04:00","2011-12-02 14:30:00",2,116,2011-01-21,23.80
12916,4,1119,3006.15,28.094860,"2011-01-23 10:43:00","2011-07-24 10:35:00",4,53,2011-01-23,847.85
14450,3,241,483.25,12.081250,"2011-01-23 11:53:00","2011-06-12 10:46:00",3,32,2011-01-23,161.03
13659,2,894,1573.20,15.126923,"2011-01-23 12:08:00","2011-05-18 12:37:00",2,92,2011-01-23,1045.40
13050,17,3748,5836.86,14.483524,"2010-12-08 09:30:00","2011-11-25 09:18:00",17,246,2011-01-23,323.09
13230,14,1665,2806.97,4.594059,"2010-12-09 19:28:00","2011-12-05 16:03:00",13,393,2011-01-23,155.64
14224,4,514,1050.12,8.899322,"2011-01-23 13:58:00","2011-08-21 13:24:00",4,105,2011-01-23,244.30
13742,12,1124,3131.02,9.753956,"2011-01-23 14:59:00","2011-11-23 11:07:00",11,200,2011-01-23,469.18
12727,7,2098,3980.70,28.638129,"2011-01-23 15:17:00","2011-11-29 11:46:00",6,109,2011-01-23,514.50
14606,93,6224,12156.65,4.502463,"2010-12-01 16:57:00","2011-12-08 19:28:00",89,819,2011-01-23,265.18
13963,4,460,664.54,18.986857,"2010-12-07 09:21:00","2011-02-04 14:43:00",4,35,2011-01-23,115.68
14068,1,73,265.85,11.077083,"2011-01-23 16:02:00","2011-01-23 16:02:00",1,22,2011-01-23,265.85
13798,57,23948,37153.85,106.458023,"2010-12-02 17:24:00","2011-12-08 15:51:00",53,113,2011-01-23,2375.42
13068,2,200,344.00,172.000000,"2011-01-24 08:20:00","2011-11-29 15:00:00",2,1,2011-01-24,165.00
14744,7,627,1099.98,42.306923,"2010-12-08 10:21:00","2011-11-23 12:51:00",6,21,2011-01-24,163.50
14796,17,6025,8022.49,7.031104,"2010-12-08 10:40:00","2011-12-08 15:31:00",17,403,2011-01-24,293.74
14368,1,36,155.00,19.375000,"2011-01-24 09:52:00","2011-01-24 09:52:00",1,8,2011-01-24,155.00
12951,6,503,1064.07,16.890000,"2011-01-13 10:33:00","2011-12-01 12:14:00",6,53,2011-01-24,117.40
12559,2,283,561.71,26.748095,"2011-01-24 10:12:00","2011-02-02 09:49:00",2,21,2011-01-24,486.11
13819,3,1109,1140.35,31.676389,"2011-01-24 10:38:00","2011-02-11 10:38:00",3,26,2011-01-24,408.30
14501,2,161,251.21,25.121000,"2011-01-24 10:43:00","2011-06-09 12:02:00",2,9,2011-01-24,66.93
13408,62,16232,28117.04,58.822259,"2010-12-01 10:39:00","2011-12-08 09:05:00",41,234,2011-01-24,904.66
14782,1,114,200.10,33.350000,"2011-01-24 11:12:00","2011-01-24 11:12:00",1,6,2011-01-24,200.10
14334,8,1731,2552.21,15.754383,"2010-12-16 17:37:00","2011-11-23 10:01:00",8,98,2011-01-24,352.42
14439,1,526,2661.24,83.163750,"2011-01-24 11:39:00","2011-01-24 11:39:00",1,32,2011-01-24,2661.24
12693,4,255,855.91,21.946410,"2011-01-24 12:58:00","2011-08-04 17:51:00",4,35,2011-01-24,162.05
12625,2,1612,2683.82,31.207209,"2011-01-24 13:27:00","2011-05-12 09:54:00",2,73,2011-01-24,1716.62
13854,25,2296,8109.52,73.722909,"2010-12-09 10:48:00","2011-12-01 09:06:00",25,39,2011-01-24,304.10
13396,2,600,1360.99,31.650930,"2011-01-24 13:37:00","2011-11-10 16:59:00",2,42,2011-01-24,387.27
12935,7,1853,2160.70,16.749612,"2011-01-24 13:58:00","2011-12-07 17:25:00",6,80,2011-01-24,431.63
14541,8,647,1461.65,13.168018,"2011-01-24 14:16:00","2011-10-12 10:08:00",7,71,2011-01-24,163.04
13551,1,12,91.80,22.950000,"2011-01-24 14:46:00","2011-01-24 14:46:00",1,4,2011-01-24,91.80
14911,201,80265,143825.06,25.343623,"2010-12-01 14:05:00","2011-12-08 15:54:00",132,1787,2011-01-24,282.44
12421,4,484,807.04,17.934222,"2011-01-24 15:09:00","2011-11-24 09:07:00",4,32,2011-01-24,157.45
12691,6,394,1035.80,32.368750,"2010-12-17 14:46:00","2011-11-11 16:49:00",6,21,2011-01-24,190.20
13117,8,945,984.91,12.959342,"2010-12-02 13:11:00","2011-11-18 12:02:00",8,66,2011-01-24,111.78
14130,1,258,483.86,7.221791,"2011-01-24 16:05:00","2011-01-24 16:05:00",1,66,2011-01-24,483.86
13615,1,189,417.69,18.160435,"2011-01-25 08:21:00","2011-01-25 08:21:00",1,23,2011-01-25,417.69
13901,5,1739,2867.20,19.242953,"2011-01-25 09:01:00","2011-09-28 14:48:00",5,144,2011-01-25,214.40
12417,9,1552,3649.10,19.005729,"2010-12-17 11:51:00","2011-12-06 14:52:00",9,158,2011-01-25,323.44
13158,4,784,1201.06,15.203291,"2011-01-25 09:58:00","2011-09-06 11:58:00",4,59,2011-01-25,256.41
12348,4,2341,1797.24,57.975484,"2010-12-16 19:09:00","2011-09-25 13:13:00",4,22,2011-01-25,227.44
14257,5,1682,3099.72,29.242642,"2011-01-25 10:49:00","2011-10-06 16:54:00",5,88,2011-01-25,620.14
14298,44,58343,51527.30,31.476665,"2010-12-14 12:59:00","2011-12-01 13:12:00",25,884,2011-01-25,1345.20
12971,86,9289,11189.91,36.688230,"2010-12-02 16:42:00","2011-12-06 12:20:00",71,94,2011-01-25,88.80
14409,6,1230,2059.45,38.137963,"2010-12-06 15:03:00","2011-09-29 18:18:00",5,40,2011-01-25,337.30
14543,16,679,3630.33,50.421250,"2010-12-10 11:51:00","2011-11-11 12:45:00",15,43,2011-01-25,303.80
14527,55,2089,8508.82,8.753930,"2010-12-05 13:17:00","2011-12-07 12:19:00",54,330,2011-01-25,90.90
13815,4,2560,4027.36,22.882727,"2011-01-25 12:16:00","2011-11-17 14:19:00",4,132,2011-01-25,1012.01
14680,16,13476,28754.11,111.450039,"2010-12-03 12:05:00","2011-11-14 16:59:00",16,73,2011-01-25,1081.30
14534,18,2047,4447.05,8.568497,"2011-01-25 12:33:00","2011-12-07 12:19:00",18,331,2011-01-25,355.12
14849,25,5694,7930.54,20.439536,"2010-12-01 12:22:00","2011-11-18 10:58:00",13,159,2011-01-25,459.84
13703,1,10,99.50,99.500000,"2011-01-25 13:10:00","2011-01-25 13:10:00",1,1,2011-01-25,99.50
12744,7,5241,21279.29,95.852658,"2011-01-25 13:26:00","2011-10-19 11:18:00",6,178,2011-01-25,2053.07
13198,6,2648,3401.24,15.049735,"2010-12-13 09:29:00","2011-11-29 15:17:00",6,199,2011-01-25,800.19
12854,3,627,1324.50,12.040909,"2011-01-25 13:35:00","2011-09-22 12:15:00",3,95,2011-01-25,389.90
12709,15,3936,9736.52,46.810192,"2010-12-08 09:49:00","2011-11-24 15:38:00",15,93,2011-01-25,1116.90
14189,15,3937,4654.08,17.562566,"2010-12-06 11:42:00","2011-12-07 15:55:00",14,176,2011-01-25,274.74
14341,8,1403,2182.28,16.916899,"2011-01-25 13:55:00","2011-10-25 15:48:00",5,109,2011-01-25,335.63
13168,4,682,1319.19,10.070153,"2011-01-25 13:55:00","2011-11-03 12:56:00",4,102,2011-01-25,632.18
14299,9,2149,3965.62,27.731608,"2010-12-09 10:30:00","2011-12-01 16:05:00",9,94,2011-01-25,339.60
14248,1,102,302.58,37.822500,"2011-01-25 14:45:00","2011-01-25 14:45:00",1,8,2011-01-25,302.58
13001,13,5505,9818.82,28.964071,"2011-01-17 12:45:00","2011-12-05 14:51:00",13,166,2011-01-25,564.39
12609,3,648,1126.85,18.780833,"2011-01-25 15:13:00","2011-09-22 16:34:00",3,57,2011-01-25,287.93
13002,1,73,120.95,17.278571,"2011-01-25 15:18:00","2011-01-25 15:18:00",1,7,2011-01-25,120.95
13468,37,2589,5704.97,18.890629,"2010-12-01 15:08:00","2011-12-08 10:39:00",36,184,2011-01-25,146.10
12691,6,394,1035.80,32.368750,"2010-12-17 14:46:00","2011-11-11 16:49:00",6,21,2011-01-25,36.00
13049,2,268,656.68,46.905714,"2011-01-25 16:33:00","2011-10-06 15:31:00",2,14,2011-01-25,153.78
14548,2,256,652.80,163.200000,"2011-01-26 08:38:00","2011-07-12 12:19:00",2,2,2011-01-26,326.40
12971,86,9289,11189.91,36.688230,"2010-12-02 16:42:00","2011-12-06 12:20:00",71,94,2011-01-26,174.60
13089,97,31070,58825.83,32.357442,"2010-12-05 10:27:00","2011-12-07 09:02:00",66,636,2011-01-26,419.40
13405,3,164,572.45,22.017308,"2011-01-26 09:27:00","2011-09-26 17:01:00",3,25,2011-01-26,160.05
12782,5,1086,2330.92,22.630291,"2010-12-17 11:30:00","2011-12-05 09:16:00",5,81,2011-01-26,683.93
14060,19,5386,6140.42,30.398119,"2010-12-02 12:11:00","2011-12-05 12:29:00",19,86,2011-01-26,252.10
13491,10,903,1215.82,14.137442,"2010-12-02 14:30:00","2011-10-19 08:32:00",10,73,2011-01-26,187.85
13534,25,2961,5870.08,19.831351,"2010-12-16 15:23:00","2011-12-07 14:52:00",18,119,2011-01-26,347.15
14049,4,3870,5681.72,11.642869,"2011-01-26 11:27:00","2011-11-23 12:20:00",4,348,2011-01-26,1031.83
13837,2,183,271.24,14.275789,"2011-01-26 12:15:00","2011-05-12 12:10:00",2,17,2011-01-26,113.70
12472,7,4148,6572.11,19.386755,"2010-12-05 14:19:00","2011-11-07 14:01:00",7,219,2011-01-26,825.36
14911,201,80265,143825.06,25.343623,"2010-12-01 14:05:00","2011-12-08 15:54:00",132,1787,2011-01-26,802.56
14606,93,6224,12156.65,4.502463,"2010-12-01 16:57:00","2011-12-08 19:28:00",89,819,2011-01-26,166.30
14978,5,525,1931.42,8.941759,"2011-01-13 12:03:00","2011-09-28 13:07:00",5,136,2011-01-26,379.28
14616,3,104,406.08,135.360000,"2011-01-26 12:42:00","2011-04-11 09:54:00",3,2,2011-01-26,237.60
14233,4,680,1462.72,41.792000,"2011-01-26 12:43:00","2011-10-21 15:54:00",4,30,2011-01-26,100.85
14243,10,1221,2588.77,18.360071,"2010-12-09 08:34:00","2011-12-01 11:12:00",10,99,2011-01-26,328.40
13113,24,3045,12245.96,61.229800,"2010-12-08 13:21:00","2011-12-09 12:49:00",23,95,2011-01-26,372.29
12474,18,4847,7375.79,17.395731,"2011-01-14 10:06:00","2011-11-22 14:39:00",17,253,2011-01-26,350.40
13098,28,15968,28882.44,50.493776,"2011-01-26 13:46:00","2011-12-08 14:14:00",26,156,2011-01-26,648.80
12347,7,2458,4310.00,23.681319,"2010-12-07 14:57:00","2011-12-07 15:52:00",7,103,2011-01-26,475.39
12591,1,228,452.85,17.417308,"2011-01-26 14:35:00","2011-01-26 14:35:00",1,26,2011-01-26,452.85
13754,2,214,282.60,23.550000,"2011-01-26 14:58:00","2011-07-11 11:51:00",2,11,2011-01-26,156.00
12997,4,664,1226.89,20.794746,"2011-01-26 15:49:00","2011-11-17 15:47:00",4,45,2011-01-26,305.55
14733,12,3764,9585.91,47.455000,"2010-12-07 11:30:00","2011-11-23 15:39:00",12,102,2011-01-26,511.69
14442,2,482,1589.82,25.235238,"2011-01-27 09:33:00","2011-05-19 11:36:00",2,58,2011-01-27,675.58
13089,97,31070,58825.83,32.357442,"2010-12-05 10:27:00","2011-12-07 09:02:00",66,636,2011-01-27,702.40
12764,1,386,1693.88,37.641778,"2011-01-27 10:19:00","2011-01-27 10:19:00",1,45,2011-01-27,1693.88
14440,5,588,2357.68,42.866909,"2010-12-09 12:49:00","2011-12-01 15:42:00",5,33,2011-01-27,529.01
14911,201,80265,143825.06,25.343623,"2010-12-01 14:05:00","2011-12-08 15:54:00",132,1787,2011-01-27,564.05
12539,4,2067,5568.35,20.396886,"2011-01-10 09:11:00","2011-11-17 13:30:00",4,157,2011-01-27,1715.85
14040,12,1554,3614.92,15.382638,"2011-01-12 14:57:00","2011-10-30 12:42:00",11,146,2011-01-27,203.25
12826,7,1058,1474.72,16.205714,"2010-12-09 15:21:00","2011-12-07 10:25:00",7,58,2011-01-27,329.38
14560,22,1260,2237.77,30.240135,"2010-12-17 09:22:00","2011-12-02 15:22:00",20,39,2011-01-27,152.25
14709,13,2484,4921.04,25.107347,"2010-12-16 13:43:00","2011-11-24 15:41:00",12,71,2011-01-27,407.95
14970,4,250,1592.06,46.825294,"2011-01-27 12:23:00","2011-10-02 13:44:00",4,24,2011-01-27,337.50
14701,9,932,2549.37,7.610060,"2011-01-27 12:40:00","2011-11-29 12:38:00",7,268,2011-01-27,396.45
12645,4,1084,1775.18,24.317534,"2011-01-27 13:08:00","2011-11-06 12:38:00",4,58,2011-01-27,369.30
13004,18,4822,5655.91,13.999777,"2010-12-17 08:20:00","2011-11-28 11:27:00",17,277,2011-01-27,318.60
12468,2,366,729.54,19.198421,"2011-01-27 13:29:00","2011-06-05 11:36:00",2,36,2011-01-27,220.59
13078,26,5630,12627.94,35.273575,"2010-12-08 09:07:00","2011-12-06 15:36:00",25,95,2011-01-27,408.78
12626,9,3453,6620.48,22.518639,"2011-01-17 11:01:00","2011-11-16 16:06:00",9,232,2011-01-27,178.10
13506,2,324,458.52,17.635385,"2010-12-05 12:15:00","2011-01-27 13:53:00",2,26,2011-01-27,157.40
14738,7,601,1314.45,24.341667,"2011-01-27 14:10:00","2011-10-28 08:56:00",7,39,2011-01-27,204.77
14239,11,993,2380.85,21.257589,"2011-01-27 14:45:00","2011-10-27 14:40:00",11,83,2011-01-27,159.60
12868,6,928,1607.06,15.019252,"2010-12-01 12:50:00","2011-06-07 10:42:00",6,72,2011-01-27,182.45
13328,1,680,1308.48,76.969412,"2011-01-27 15:22:00","2011-01-27 15:22:00",1,17,2011-01-27,1308.48
13174,3,1395,2817.03,8.971433,"2010-12-05 16:24:00","2011-11-23 14:35:00",3,228,2011-01-27,692.30
14541,8,647,1461.65,13.168018,"2011-01-24 14:16:00","2011-10-12 10:08:00",7,71,2011-01-27,316.21
13534,25,2961,5870.08,19.831351,"2010-12-16 15:23:00","2011-12-07 14:52:00",18,119,2011-01-27,31.80
13280,3,522,814.86,9.586588,"2011-01-06 17:10:00","2011-08-09 13:14:00",3,67,2011-01-27,392.01
14662,4,602,771.17,4.590298,"2011-01-27 17:41:00","2011-11-11 12:13:00",4,143,2011-01-27,101.05
14702,17,1454,3292.14,9.487435,"2010-12-09 19:23:00","2011-12-08 19:29:00",17,196,2011-01-27,181.35
12574,1,61,218.45,19.859091,"2011-01-28 09:20:00","2011-01-28 09:20:00",1,11,2011-01-28,218.45
13330,3,751,1140.93,21.526981,"2011-01-28 10:08:00","2011-09-08 12:27:00",3,37,2011-01-28,335.82
13552,12,1417,3740.07,34.312569,"2011-01-28 10:10:00","2011-10-04 15:19:00",8,82,2011-01-28,313.70
12853,6,800,1957.10,25.091026,"2011-01-28 10:28:00","2011-07-28 11:29:00",3,66,2011-01-28,427.40
13538,7,175,1280.85,51.234000,"2011-01-28 10:40:00","2011-10-27 16:34:00",7,10,2011-01-28,166.80
12726,7,3143,2609.10,21.041129,"2010-12-17 12:56:00","2011-11-11 13:35:00",7,57,2011-01-28,401.58
14133,3,348,605.64,21.630000,"2011-01-28 11:27:00","2011-08-02 11:34:00",2,25,2011-01-28,318.00
13694,50,63312,65039.62,114.506373,"2010-12-01 12:12:00","2011-12-06 09:32:00",35,366,2011-01-28,1521.10
14659,9,1195,2529.93,9.999723,"2011-01-28 12:43:00","2011-12-01 12:17:00",9,147,2011-01-28,593.17
13141,5,1548,2388.75,17.694444,"2011-01-28 13:04:00","2011-09-16 09:54:00",4,113,2011-01-28,524.57
13707,2,351,806.41,16.800208,"2011-01-28 13:27:00","2011-03-17 18:03:00",2,48,2011-01-28,583.41
12735,2,368,779.57,18.129535,"2011-01-06 14:26:00","2011-01-28 13:37:00",2,38,2011-01-28,459.80
12431,15,2906,6487.45,27.606170,"2010-12-01 10:03:00","2011-11-04 11:55:00",14,163,2011-01-28,384.68
14215,6,1358,1789.72,16.571481,"2010-12-06 15:34:00","2011-11-28 12:19:00",6,98,2011-01-28,160.05
13709,13,3516,6328.05,18.833482,"2011-01-28 14:57:00","2011-12-06 10:28:00",8,244,2011-01-28,474.70
14051,23,3756,15610.39,74.335190,"2010-12-08 12:49:00","2011-12-09 10:20:00",22,52,2011-01-28,483.90
12377,2,944,1628.12,21.144416,"2010-12-20 09:37:00","2011-01-28 15:45:00",2,72,2011-01-28,626.60
14401,13,4507,4051.48,22.260879,"2010-12-15 09:07:00","2011-12-05 13:30:00",13,113,2011-01-28,304.74
13089,97,31070,58825.83,32.357442,"2010-12-05 10:27:00","2011-12-07 09:02:00",66,636,2011-01-28,119.85
14040,12,1554,3614.92,15.382638,"2011-01-12 14:57:00","2011-10-30 12:42:00",11,146,2011-01-30,421.10
14532,4,284,932.85,14.575781,"2010-12-22 13:48:00","2011-04-17 13:05:00",4,45,2011-01-30,182.80
14805,4,115,554.65,11.801064,"2011-01-30 10:43:00","2011-11-24 16:20:00",4,30,2011-01-30,109.25
14595,6,978,1740.60,17.064706,"2011-01-30 13:36:00","2011-11-20 12:12:00",6,94,2011-01-30,163.80
13148,12,1975,3707.12,11.621066,"2010-12-10 13:06:00","2011-11-10 15:23:00",7,231,2011-01-30,778.26
13161,1,29,112.75,14.093750,"2011-01-30 14:03:00","2011-01-30 14:03:00",1,8,2011-01-30,112.75
14502,11,1498,2470.67,3.959407,"2011-01-30 15:52:00","2011-11-20 11:50:00",9,368,2011-01-30,155.21
13869,4,1721,3104.95,10.113844,"2010-12-17 15:14:00","2011-08-08 13:53:00",4,234,2011-01-30,574.19
13089,97,31070,58825.83,32.357442,"2010-12-05 10:27:00","2011-12-07 09:02:00",66,636,2011-01-31,605.15
12528,6,756,1933.48,21.016087,"2011-01-31 09:05:00","2011-11-30 14:40:00",6,50,2011-01-31,493.53
12720,25,4672,5781.73,16.332571,"2010-12-05 15:21:00","2011-12-07 08:03:00",21,211,2011-01-31,279.30
14426,10,2699,4481.67,20.007455,"2011-01-31 09:51:00","2011-11-16 12:25:00",7,183,2011-01-31,701.17
12731,12,8437,18895.91,68.963175,"2010-12-10 10:56:00","2011-11-16 11:59:00",11,109,2011-01-31,3174.43
13784,11,2493,2462.79,79.444839,"2011-01-11 14:38:00","2011-11-30 09:33:00",11,9,2011-01-31,60.48
12841,25,2757,4022.35,9.577024,"2010-12-03 10:43:00","2011-12-05 11:13:00",24,229,2011-01-31,123.95
13324,10,5205,7121.95,94.959333,"2010-12-14 09:50:00","2011-11-03 16:28:00",6,25,2011-01-31,460.50
12476,11,2408,6816.42,29.255021,"2010-12-13 14:39:00","2011-11-24 12:40:00",10,177,2011-01-31,549.58
14527,55,2089,8508.82,8.753930,"2010-12-05 13:17:00","2011-12-07 12:19:00",54,330,2011-01-31,101.80
14688,21,3621,5630.87,17.219786,"2010-12-01 09:37:00","2011-12-02 12:26:00",20,148,2011-01-31,205.60
14298,44,58343,51527.30,31.476665,"2010-12-14 12:59:00","2011-12-01 13:12:00",25,884,2011-01-31,378.00
13408,62,16232,28117.04,58.822259,"2010-12-01 10:39:00","2011-12-08 09:05:00",41,234,2011-01-31,631.36
14467,4,278,598.76,6.652889,"2011-01-31 12:35:00","2011-11-22 12:48:00",4,67,2011-01-31,131.70
12908,2,1200,750.00,375.000000,"2011-01-31 12:37:00","2011-06-16 15:39:00",2,1,2011-01-31,318.00
14776,11,3134,2538.30,21.694872,"2011-01-31 13:17:00","2011-10-19 15:34:00",9,44,2011-01-31,558.36
14744,7,627,1099.98,42.306923,"2010-12-08 10:21:00","2011-11-23 12:51:00",6,21,2011-01-31,328.53
12668,4,1634,3807.15,23.646894,"2010-12-19 12:46:00","2011-11-28 10:56:00",4,115,2011-01-31,1009.80
12778,6,825,822.23,16.444600,"2011-01-31 14:35:00","2011-11-20 11:30:00",6,40,2011-01-31,134.48
14006,3,641,962.19,32.073000,"2011-01-31 15:11:00","2011-08-16 09:39:00",3,22,2011-01-31,304.44
13600,1,324,219.52,11.553684,"2011-01-31 15:27:00","2011-01-31 15:27:00",1,19,2011-01-31,219.52
12681,22,7536,13787.54,21.610564,"2010-12-07 10:08:00","2011-11-25 11:33:00",20,267,2011-01-31,417.54
14911,201,80265,143825.06,25.343623,"2010-12-01 14:05:00","2011-12-08 15:54:00",132,1787,2011-02-01,797.77
14496,2,159,538.81,28.358421,"2010-12-01 15:35:00","2011-02-01 09:01:00",2,16,2011-02-01,234.47
12712,13,1062,4396.13,33.053609,"2010-12-03 14:30:00","2011-11-11 08:19:00",13,58,2011-02-01,314.15
13881,20,10118,17159.52,96.401798,"2011-02-01 10:14:00","2011-12-06 12:50:00",16,72,2011-02-01,1025.34
14606,93,6224,12156.65,4.502463,"2010-12-01 16:57:00","2011-12-08 19:28:00",89,819,2011-02-01,164.87
12836,4,1064,2612.86,14.930629,"2011-02-01 11:19:00","2011-10-11 15:10:00",4,148,2011-02-01,846.69
14850,1,293,325.75,15.511905,"2011-02-01 11:21:00","2011-02-01 11:21:00",1,21,2011-02-01,325.75
13939,3,847,568.55,12.634444,"2011-02-01 11:30:00","2011-11-16 13:33:00",3,43,2011-02-01,184.50
13606,3,279,280.54,6.524186,"2011-02-01 11:42:00","2011-11-10 17:46:00",3,40,2011-02-01,70.02
13494,1,162,316.26,17.570000,"2011-02-01 11:58:00","2011-02-01 11:58:00",1,18,2011-02-01,316.26
13802,3,2572,4599.42,76.657000,"2011-02-01 12:03:00","2011-07-24 10:54:00",3,55,2011-02-01,969.74
12929,1,37,117.85,14.731250,"2011-02-01 12:08:00","2011-02-01 12:08:00",1,8,2011-02-01,117.85
14587,9,761,1601.14,4.180522,"2011-01-12 13:16:00","2011-11-21 11:34:00",9,170,2011-02-01,150.20
12373,1,197,364.60,26.042857,"2011-02-01 13:10:00","2011-02-01 13:10:00",1,14,2011-02-01,364.60
13784,11,2493,2462.79,79.444839,"2011-01-11 14:38:00","2011-11-30 09:33:00",11,9,2011-02-01,155.52
12775,5,877,1386.04,21.000606,"2011-02-01 13:45:00","2011-11-22 16:33:00",5,47,2011-02-01,214.45
14549,1,136,289.24,5.165000,"2011-02-01 13:47:00","2011-02-01 13:47:00",1,56,2011-02-01,289.24
14180,25,719,4748.52,19.785500,"2010-12-02 13:08:00","2011-11-29 10:56:00",24,112,2011-02-01,134.10
14217,17,689,2004.98,20.049800,"2010-12-08 13:28:00","2011-12-08 11:53:00",16,78,2011-02-01,88.30
12682,31,5575,12288.22,23.406133,"2010-12-03 13:59:00","2011-12-06 10:00:00",27,209,2011-02-01,510.85
12540,17,6685,13400.24,28.033975,"2010-12-13 09:39:00","2011-11-20 11:31:00",17,277,2011-02-01,288.98
13854,25,2296,8109.52,73.722909,"2010-12-09 10:48:00","2011-12-01 09:06:00",25,39,2011-02-01,313.85
13110,7,388,1488.67,10.266690,"2011-02-01 15:24:00","2011-11-08 14:30:00",6,109,2011-02-01,271.55
12676,6,670,1331.39,29.586444,"2011-02-01 15:41:00","2011-11-15 12:25:00",6,33,2011-02-01,509.50
13629,11,4372,7792.36,132.073898,"2011-01-05 12:09:00","2011-11-16 13:21:00",11,28,2011-02-02,765.00
12682,31,5575,12288.22,23.406133,"2010-12-03 13:59:00","2011-12-06 10:00:00",27,209,2011-02-02,490.89
14665,5,740,1835.70,20.396667,"2011-02-02 09:08:00","2011-10-10 09:14:00",4,63,2011-02-02,394.40
14457,1,88,113.64,28.410000,"2011-02-02 09:39:00","2011-02-02 09:39:00",1,4,2011-02-02,113.64
12559,2,283,561.71,26.748095,"2011-01-24 10:12:00","2011-02-02 09:49:00",2,21,2011-02-02,75.60
14233,4,680,1462.72,41.792000,"2011-01-26 12:43:00","2011-10-21 15:54:00",4,30,2011-02-02,530.10
13089,97,31070,58825.83,32.357442,"2010-12-05 10:27:00","2011-12-07 09:02:00",66,636,2011-02-02,1341.96
14411,1,196,1063.00,75.928571,"2011-02-02 10:56:00","2011-02-02 10:56:00",1,14,2011-02-02,1063.00
13093,8,3961,7832.47,49.260818,"2010-12-01 15:00:00","2011-03-09 12:14:00",7,97,2011-02-02,991.98
13468,37,2589,5704.97,18.890629,"2010-12-01 15:08:00","2011-12-08 10:39:00",36,184,2011-02-02,141.30
14460,3,881,434.34,27.146250,"2011-02-02 11:55:00","2011-08-21 14:19:00",3,14,2011-02-02,30.00
13728,6,458,1016.14,16.129206,"2011-02-02 12:09:00","2011-11-03 10:49:00",6,38,2011-02-02,158.58
14127,3,321,709.71,16.129773,"2011-02-02 12:26:00","2011-08-09 10:49:00",3,39,2011-02-02,314.63
13491,10,903,1215.82,14.137442,"2010-12-02 14:30:00","2011-10-19 08:32:00",10,73,2011-02-02,117.09
14312,6,1012,1611.59,18.524023,"2011-01-06 16:35:00","2011-10-24 09:46:00",6,74,2011-02-02,126.82
13894,3,354,564.62,20.911852,"2011-02-02 12:54:00","2011-11-16 09:44:00",2,25,2011-02-02,160.85
13824,5,768,1698.94,36.933478,"2011-02-02 13:07:00","2011-11-07 12:41:00",5,34,2011-02-02,442.88
14188,6,1162,2054.36,31.605538,"2011-02-02 13:46:00","2011-11-09 12:45:00",6,34,2011-02-02,398.00
13199,38,6176,9817.12,82.496807,"2010-12-08 10:51:00","2011-12-06 12:30:00",33,48,2011-02-02,15.00
13777,33,12897,25977.16,131.863756,"2010-12-01 16:01:00","2011-12-09 12:25:00",24,36,2011-02-02,345.02
12414,3,300,562.41,31.245000,"2011-02-02 14:51:00","2011-05-06 14:51:00",3,16,2011-02-02,153.76
